id,Client_Name,Review
1,Cullan Lawles,Got food poisoning
2,Estel Housbie,Amazing food but the service wasn't that good
3,Freedman Suggey,Had an amazing time here
4,Hanson Lewer,Amazing food but the service wasn't that good
5,Henriette Comrie,wouldn't recomment to anyone
6,Timoteo Derrell,wouldn't recomment to anyone
7,Clevey Christian,The servers were rude and the food was cold
8,Farrand Beldam,Average
9,Noell Battle,Definetely eating here again
10,Byron Hane,Was disappointed
11,Kath Merrall,Terrible experience
12,Cello Lawdham,Got food poisoning
13,Arnold Basley,The servers were rude and the food was cold
14,Farley Darrach,Had an amazing time here
15,Jasper Godfery,Amazing food but the service wasn't that good
16,Bliss Chafney,Had an amazing time here
17,Phelia Oliver,Was disappointed
18,Kare Meni,Average
19,Benedicta Kinny,wouldn't recomment to anyone
20,Benjamen Sizzey,Definetely eating here again
21,Bern Lidgate,Was disappointed
22,Shep Puffett,Great service
23,Lucien Huggin,Amazing food but the service wasn't that good
24,Quincy MacKowle,Great service
25,Waly Bernardon,Worth the money
26,Toiboid Twede,Great service
27,Aida Bungey,Amazing food but the service wasn't that good
28,Georgette Margerrison,Definetely eating here again
29,Kassey Lambersen,Average
30,Dona Kondrat,Average
31,Viviyan McGrane,Had an amazing time here
32,Mady Fripp,Good place for dining out
33,Gae Castelijn,Had an amazing time here
34,Devondra MacSherry,Definetely eating here again
35,Tiff Walden,Terrible experience
36,Allyn Cloney,Got food poisoning
37,Kipp Henrot,wouldn't recomment to anyone
38,Joella Folli,wouldn't recomment to anyone
39,Nathalie Del Monte,Good place for dining out
40,Joan Ashtonhurst,wouldn't recomment to anyone
41,Agata Longhi,Terrible experience
42,Doralynn Skade,Got food poisoning
43,Oralie Branchett,Amazing food but the service wasn't that good
44,Iormina Morais,Good place for dining out
45,Maressa Doughill,Got food poisoning
46,Chrystel Vaun,Terrible experience
47,Loleta Gooddy,Got food poisoning
48,Upton Payle,Was disappointed
49,Kinna MacAlpyne,Had an amazing time here
50,Hilary Isherwood,wouldn't recomment to anyone
51,Aubine Dittson,Good place for dining out
52,Fernando Geerdts,The servers were rude and the food was cold
53,Yul Pea,Definetely eating here again
54,Terri Geindre,Terrible experience
55,Yolanthe de Juares,Average
56,Marys Dobing,Got food poisoning
57,Ofella Dreier,Had an amazing time here
58,Ardith Thickin,Amazing food but the service wasn't that good
59,Belva Pecey,The servers were rude and the food was cold
60,Lorne Barnsdall,Great service
61,Darcie Jorioz,Amazing food but the service wasn't that good
62,Marlie Janicki,Got food poisoning
63,Gill Wyllcocks,Was disappointed
64,Oswell Chown,Definetely eating here again
65,Noella Newton,The servers were rude and the food was cold
66,Mickie Boase,Got food poisoning
67,Dionne Kitter,Had an amazing time here
68,Britteny Woosnam,Terrible experience
69,Dawna Gooble,Amazing food but the service wasn't that good
70,Joseito Adger,Great service
71,Herold Fallis,The servers were rude and the food was cold
72,Britney Magnar,Had an amazing time here
73,Sibyl Fassbender,Great service
74,Marnie Ladon,wouldn't recomment to anyone
75,Derrik Swetenham,Amazing food but the service wasn't that good
76,Hollyanne Faires,Had an amazing time here
77,Dawn Edgett,Terrible experience
78,Clarisse Brute,Average
79,Vivia Pennuzzi,Good place for dining out
80,Carola Greenhill,Terrible experience
81,Judah Gunby,The servers were rude and the food was cold
82,Mychal Harhoff,Terrible experience
83,Gerianne Bowdery,The servers were rude and the food was cold
84,Damon Francois,Great service
85,Lamar Groucutt,Had an amazing time here
86,Cary Grumbridge,Was disappointed
87,Ariella Rallings,Was disappointed
88,Selia Bote,Was disappointed
89,Thomasin Mityukov,Amazing food but the service wasn't that good
90,Cori Scoggans,Worth the money
91,Kennie Shalcras,Amazing food but the service wasn't that good
92,Loella Manifield,Got food poisoning
93,Lira Casolla,Definetely eating here again
94,Anallise Riccardini,Was disappointed
95,Arleta Jevons,Definetely eating here again
96,Basilius Desantis,wouldn't recomment to anyone
97,Wynn Holtum,Got food poisoning
98,Grant Curedale,Was disappointed
99,Uriah Gotts,wouldn't recomment to anyone
100,Lona Overpool,The servers were rude and the food was cold
101,Alick Clutheram,Average
102,Keefer Hacard,Was disappointed
103,Molly Matevushev,Great service
104,Lewie Bunford,Got food poisoning
105,Carmelina Sampson,The servers were rude and the food was cold
106,Schuyler Munning,Had an amazing time here
107,Larisa Desouza,Was disappointed
108,Rosie Flippen,Definetely eating here again
109,Fletch Weal,Had an amazing time here
110,Gilberte Narramore,Average
111,Bess McAllister,Great service
112,Lilas Slemmonds,Great service
113,Kendrick Coogan,Worth the money
114,Denni Carswell,Great service
115,Umberto Croshaw,The servers were rude and the food was cold
116,Genevra Skewes,Terrible experience
117,Tallulah Mourton,The servers were rude and the food was cold
118,Harv Beals,Average
119,Renado Tripney,wouldn't recomment to anyone
120,Adriane Golson,Had an amazing time here
121,Ethelin Pedro,Good place for dining out
122,Kiah Staden,Had an amazing time here
123,Frants Roon,Was disappointed
124,Ernesto Clint,Great service
125,Nerty Lloyd-Williams,Was disappointed
126,Son Duff,Terrible experience
127,Suzy Cain,Good place for dining out
128,Devora Yurevich,Terrible experience
129,Thebault Mioni,Amazing food but the service wasn't that good
130,Tedda Kasher,The servers were rude and the food was cold
131,Cletis Van der Brug,Worth the money
132,Caldwell Pinwill,The servers were rude and the food was cold
133,Elsie Ouldred,Had an amazing time here
134,Fidela Glasscoe,Amazing food but the service wasn't that good
135,Camille Bassano,Amazing food but the service wasn't that good
136,Alastair Humburton,wouldn't recomment to anyone
137,Cole Engelmann,wouldn't recomment to anyone
138,Carolin Cousins,Got food poisoning
139,Gussi Mathiasen,wouldn't recomment to anyone
140,Winnie Litel,Had an amazing time here
141,Dan Roderighi,Terrible experience
142,Mable Simms,Good place for dining out
143,Berty Curcher,wouldn't recomment to anyone
144,Linoel Gilcrist,Terrible experience
145,Karim Horbath,Great service
146,Mavis Hurdle,Average
147,Jarred Wendover,Definetely eating here again
148,Trish Lovelock,The servers were rude and the food was cold
149,Michale Mitchel,Was disappointed
150,Adriana Wood,Amazing food but the service wasn't that good
151,Thurstan Hrynczyk,Average
152,Suzy De Domenicis,Amazing food but the service wasn't that good
153,Flossie Mattiello,wouldn't recomment to anyone
154,Thomasina Jerman,Good place for dining out
155,Parke Rapley,Amazing food but the service wasn't that good
156,Ignacius Waddam,Definetely eating here again
157,Alena Bortolini,Terrible experience
158,Lari Beades,Had an amazing time here
159,Turner Kenwrick,Was disappointed
160,Mal Wick,wouldn't recomment to anyone
161,Melosa Tuft,Terrible experience
162,Jordana Lazar,Definetely eating here again
163,Ronnie Canet,Worth the money
164,Dacia Hanlin,Was disappointed
165,Cindi Drust,Had an amazing time here
166,Frederic Dominey,Good place for dining out
167,Evangelia Masurel,Was disappointed
168,Hadley MacNeilley,Terrible experience
169,Nikolai Robardey,Definetely eating here again
170,Tadd Paintain,Was disappointed
171,Raddie Polon,Was disappointed
172,Clayborn Swanton,Worth the money
173,Bax Bantock,Great service
174,Marylynne Leyden,Had an amazing time here
175,Waverley Itzkin,Was disappointed
176,Alphonse Hartil,wouldn't recomment to anyone
177,Reeba Ennew,Definetely eating here again
178,Itch Hayzer,Had an amazing time here
179,Cross Saltsberger,Worth the money
180,Adelle Ruter,Had an amazing time here
181,Jourdain Gunston,The servers were rude and the food was cold
182,Alford Lownes,Was disappointed
183,Olivette McDool,Good place for dining out
184,Giraldo Bosley,The servers were rude and the food was cold
185,Hakim Chess,Had an amazing time here
186,Clarice Enrrico,Definetely eating here again
187,Lonna Cornelius,Amazing food but the service wasn't that good
188,Gates Reade,Got food poisoning
189,Kanya Stepto,Got food poisoning
190,Saree Dullingham,The servers were rude and the food was cold
191,Val Baszkiewicz,Definetely eating here again
192,Ilka Felkin,Amazing food but the service wasn't that good
193,Izabel McKintosh,Got food poisoning
194,Sidoney Ketch,Worth the money
195,Camala McGillacoell,Definetely eating here again
196,Robenia Ashley,Definetely eating here again
197,Nat Snozzwell,Good place for dining out
198,Rodina Van Dale,Definetely eating here again
199,Silas Fermer,Terrible experience
200,Enid Bresnahan,Definetely eating here again
201,Maryellen Thomtson,The servers were rude and the food was cold
202,Darcie Redhills,Great service
203,Matthiew Lunnon,Average
204,Eberhard Weatherill,wouldn't recomment to anyone
205,Amelina Schulkins,Definetely eating here again
206,Aharon Jerdon,Had an amazing time here
207,Carroll Nettles,Good place for dining out
208,Pryce McKernon,Was disappointed
209,Leontyne Gerckens,Definetely eating here again
210,Aileen Grandison,Great service
211,Ardeen Grieves,Terrible experience
212,Zackariah Satchel,wouldn't recomment to anyone
213,Shana Steart,Terrible experience
214,Heinrik Barfoot,Amazing food but the service wasn't that good
215,Rosy Brackstone,Was disappointed
216,Gradeigh Scrivens,wouldn't recomment to anyone
217,Pancho Lissandrini,Average
218,Imogen Greasty,Amazing food but the service wasn't that good
219,Elke Giacubo,Good place for dining out
220,Derward Burnyeat,Worth the money
221,Meta Campanelli,Good place for dining out
222,Dyana Hickford,Average
223,Sheena Guirau,Amazing food but the service wasn't that good
224,Wes Worner,Good place for dining out
225,Nicol Colling,Good place for dining out
226,Layla Jeanon,Worth the money
227,Alyce Pudding,Amazing food but the service wasn't that good
228,Jazmin Huot,Amazing food but the service wasn't that good
229,Colin Liverock,Terrible experience
230,Agna Bodill,Was disappointed
231,Jerome Bruford,Got food poisoning
232,Kristan Kestle,Terrible experience
233,Trish McDirmid,Was disappointed
234,Lindy Easterbrook,Terrible experience
235,Law Labadini,Terrible experience
236,Lief McReidy,Great service
237,Marcos Lubeck,Average
238,Tamera Gulc,Was disappointed
239,Dana Christopherson,Definetely eating here again
240,Stefan Fawley,Had an amazing time here
241,Aurlie Vaz,The servers were rude and the food was cold
242,Kalil Paternoster,Great service
243,Fabien Bohling,Average
244,Pace Sandcraft,Had an amazing time here
245,Arlan Thornbarrow,Terrible experience
246,Marsh Legerwood,Amazing food but the service wasn't that good
247,Alard Petti,The servers were rude and the food was cold
248,Laurie Gasson,wouldn't recomment to anyone
249,Boone Newland,Had an amazing time here
250,Stefania Saiz,Had an amazing time here
251,Virge Moss,Definetely eating here again
252,Viva Tregidga,Good place for dining out
253,Nertie Gresly,Terrible experience
254,Gallagher Dunkley,Had an amazing time here
255,Arnuad McClunaghan,Average
256,Kimmy Charlson,Worth the money
257,Halimeda Bard,Worth the money
258,Jorge Janicijevic,Terrible experience
259,Orrin Bradtke,Average
260,Fulton Bayston,Average
261,Kent Nulty,Definetely eating here again
262,Wyndham Purveys,Had an amazing time here
263,Hadley Wisedale,Great service
264,Rainer Niccols,Worth the money
265,Jacquenetta Winslow,wouldn't recomment to anyone
266,Terrye Springle,Good place for dining out
267,Baron Dodding,Got food poisoning
268,Wilek Tomei,Terrible experience
269,Meridel Thripp,Terrible experience
270,Star Austick,Terrible experience
271,Abeu Danser,Good place for dining out
272,Thibaut Ketchell,Got food poisoning
273,Lorianna Harper,wouldn't recomment to anyone
274,Constantino Farrin,Great service
275,Darcie Lawrenz,Got food poisoning
276,Matthus Bailiss,Good place for dining out
277,Gwynne Mussotti,Terrible experience
278,Larina Clarkson,wouldn't recomment to anyone
279,Toiboid Ricardo,Great service
280,Orelia Chattell,Definetely eating here again
281,Tracie Stener,Was disappointed
282,Broderic M'Chirrie,Amazing food but the service wasn't that good
283,Artus Crucetti,Good place for dining out
284,Colleen Lynn,Was disappointed
285,Danni Manders,Terrible experience
286,Valentin Isles,Terrible experience
287,Nikkie Lenoir,Average
288,Glendon Dacks,wouldn't recomment to anyone
289,Janos Gatfield,Had an amazing time here
290,Lilith Derell,Got food poisoning
291,Rozele De Miranda,Got food poisoning
292,Killie Eaglestone,Had an amazing time here
293,Camel Herculson,Good place for dining out
294,Lira Hearson,Great service
295,Janifer Cuniam,Had an amazing time here
296,Osbert Doiley,Amazing food but the service wasn't that good
297,Linc Titcomb,wouldn't recomment to anyone
298,Bourke Thornhill,Had an amazing time here
299,Salvatore Benedetti,Great service
300,Julieta Maccrea,Terrible experience
301,Vic Nesbit,Worth the money
302,Javier Franzolini,Amazing food but the service wasn't that good
303,Alicia Gradwell,Good place for dining out
304,Donnell Belch,The servers were rude and the food was cold
305,Nye Muffin,Got food poisoning
306,Kane Whitmore,Good place for dining out
307,Jefferey Toppas,Good place for dining out
308,Kissiah Cranfield,Amazing food but the service wasn't that good
309,Mag McNeigh,Worth the money
310,Fawn Simacek,Terrible experience
311,Kaitlyn Sheaf,wouldn't recomment to anyone
312,Trude Kinny,Got food poisoning
313,Matthiew McSwan,Amazing food but the service wasn't that good
314,Teena Rosi,Good place for dining out
315,Hadleigh Iorillo,Had an amazing time here
316,Stanton Quested,Terrible experience
317,Camellia Kitney,Got food poisoning
318,Stearn Sibille,Terrible experience
319,Saudra Ruffler,The servers were rude and the food was cold
320,Conny Bleeze,Terrible experience
321,Adan Roja,Was disappointed
322,Seana Halligan,Amazing food but the service wasn't that good
323,Cammy Rosenzwig,Amazing food but the service wasn't that good
324,Lelia Terrelly,Amazing food but the service wasn't that good
325,Sharona Visick,Got food poisoning
326,Cord Longmate,Good place for dining out
327,Joyann Priel,Worth the money
328,Sharon Howden,Got food poisoning
329,Jerrilee Pettecrew,Great service
330,Tedda Etridge,The servers were rude and the food was cold
331,Myrtice Antrack,wouldn't recomment to anyone
332,Oralla Tineman,Average
333,Manuel Print,Was disappointed
334,Curtis Purvis,Had an amazing time here
335,Junette Jenken,Worth the money
336,Walsh Dinnage,Average
337,Sissy Caccavale,Amazing food but the service wasn't that good
338,Isidoro Meas,Was disappointed
339,Ardis Messum,Good place for dining out
340,Stanfield Plain,Good place for dining out
341,Osgood Pepperill,Got food poisoning
342,Rhonda Solman,Had an amazing time here
343,Dru Reveland,Average
344,Kingston Jagson,Terrible experience
345,Maxie Anfonsi,wouldn't recomment to anyone
346,Ag Ibarra,Was disappointed
347,Magdalena Keech,Worth the money
348,Luella Stolberg,Was disappointed
349,Betti Elmhirst,Had an amazing time here
350,Kirby Lope,Worth the money
351,Natty Philipsen,Definetely eating here again
352,Sarajane Bull,Terrible experience
353,Christoper Eggerton,Had an amazing time here
354,Rolando Dransfield,Worth the money
355,Cherie Applegate,The servers were rude and the food was cold
356,Ivette Sadgrove,Was disappointed
357,Christan Ecclesall,wouldn't recomment to anyone
358,Allx Waind,Terrible experience
359,Grenville Widdup,Amazing food but the service wasn't that good
360,Antonin Yosifov,Terrible experience
361,Domeniga Sprules,The servers were rude and the food was cold
362,Gwendolin Lewnden,Average
363,Brett Degnen,The servers were rude and the food was cold
364,Gideon Draycott,Great service
365,Anatola Ivkovic,The servers were rude and the food was cold
366,Charmain Miklem,Definetely eating here again
367,Lilian Buttrum,Great service
368,Aundrea Mattheus,Good place for dining out
369,Kristoforo Mutton,Average
370,Raf Toulson,The servers were rude and the food was cold
371,Frankie Swainston,Worth the money
372,Sidoney Lavies,Average
373,Myrta Strickland,Terrible experience
374,Conrad Hinrich,Average
375,Layne Lagden,Definetely eating here again
376,Minne Chedzoy,Was disappointed
377,Elli Vanne,Definetely eating here again
378,Andrey Martello,Had an amazing time here
379,Donny Giovannacc@i,Definetely eating here again
380,Logan Greenhalf,Good place for dining out
381,Carlene Bidgood,Great service
382,Lian O'Dreain,Great service
383,Noby Castaner,Was disappointed
384,Genevra Ruslinge,wouldn't recomment to anyone
385,Merle Caulcott,Good place for dining out
386,Anissa Donnelly,Amazing food but the service wasn't that good
387,Stacia Filipychev,The servers were rude and the food was cold
388,Maris Ambroziak,wouldn't recomment to anyone
389,Harrie Braund,Amazing food but the service wasn't that good
390,Lauritz Stillmann,Great service
391,Shirlee Preshaw,wouldn't recomment to anyone
392,Wynnie Diamant,Amazing food but the service wasn't that good
393,Nannie Bakes,Average
394,Carola Thebe,Great service
395,Damon Benezeit,Amazing food but the service wasn't that good
396,Lucais Granger,Was disappointed
397,Carrol Seally,Average
398,Dewey Cleary,Terrible experience
399,Hadley Whitney,Average
400,Georas Cullrford,wouldn't recomment to anyone
401,Ezekiel Gadault,Was disappointed
402,Daron Troucher,Average
403,Budd A'field,The servers were rude and the food was cold
404,Nikos Mayger,The servers were rude and the food was cold
405,Tanhya Gussin,Great service
406,Celle Mazey,Definetely eating here again
407,Spenser Sarsons,Terrible experience
408,Grady Sotham,Great service
409,Sal Raymond,The servers were rude and the food was cold
410,Verne Penlington,Definetely eating here again
411,Jonas Byrch,Average
412,Jorge Tander,The servers were rude and the food was cold
413,Michaeline Jouhan,Terrible experience
414,Corbet Atkin,Terrible experience
415,Kile Campa,Was disappointed
416,Liz Impson,Had an amazing time here
417,Mavra Malser,Definetely eating here again
418,Selinda Itzkovici,Great service
419,Jackquelin Boyd,Great service
420,Ardelle Raw,Terrible experience
421,Shaylyn Overton,Great service
422,Neely Patron,Amazing food but the service wasn't that good
423,Isadora Iacopini,Definetely eating here again
424,Tamar Pinnere,Worth the money
425,Martita Broadbent,Average
426,Bellanca Chasen,Definetely eating here again
427,Annabelle Faulkener,Was disappointed
428,Giacinta Yardley,Good place for dining out
429,Jennette Noods,wouldn't recomment to anyone
430,Merlina Moncey,Definetely eating here again
431,Gabi Escalero,wouldn't recomment to anyone
432,Robinette Giannoni,wouldn't recomment to anyone
433,Reginald Cradoc,Great service
434,Amalie Walkden,Worth the money
435,Ewart Beckenham,Average
436,Atlanta Snaith,Got food poisoning
437,Lea Maruszewski,Worth the money
438,Clywd De Goey,Was disappointed
439,Maggee Al Hirsi,Great service
440,Lyn Dami,Amazing food but the service wasn't that good
441,Aldridge Espada,Amazing food but the service wasn't that good
442,Guthry Seint,Good place for dining out
443,Cacilia Crame,Terrible experience
444,Dougie Baulcombe,Definetely eating here again
445,Rudyard O'Heneghan,Was disappointed
446,Dur Braidford,The servers were rude and the food was cold
447,Molli Wais,Was disappointed
448,Adella Fludgate,Terrible experience
449,Bill Davidove,Amazing food but the service wasn't that good
450,Simonne Oehme,wouldn't recomment to anyone
451,Winfred Seaton,Definetely eating here again
452,Dacie McFfaden,Great service
453,Marge Greedyer,Amazing food but the service wasn't that good
454,Frasco Catonne,Average
455,Orland Ogdahl,The servers were rude and the food was cold
456,Benedikt Bwye,Got food poisoning
457,Euell Defau,Average
458,Deedee Cuerda,Average
459,Dougy Falconbridge,Definetely eating here again
460,Andras Copland,Was disappointed
461,Brittaney Mannock,Worth the money
462,Gerardo Pach,Was disappointed
463,Lavena Stainbridge,Good place for dining out
464,Job Reckus,Average
465,Janean Folonin,Terrible experience
466,Darcy Merriott,Terrible experience
467,Yulma Leeman,Great service
468,Keslie Maghull,wouldn't recomment to anyone
469,Price Winskill,Great service
470,Correy Kobke,Worth the money
471,Sumner Diver,Definetely eating here again
472,Mervin Fairchild,Got food poisoning
473,Laraine Suttie,Had an amazing time here
474,Ronica Grodden,Had an amazing time here
475,Laurens Pfaffe,Got food poisoning
476,Waring Rolston,Was disappointed
477,Kaitlyn Thomassen,Amazing food but the service wasn't that good
478,Christye Grisenthwaite,Was disappointed
479,Tallulah Shackel,wouldn't recomment to anyone
480,Junia Mathy,Got food poisoning
481,Niki Awde,Was disappointed
482,Bunny Hayfield,The servers were rude and the food was cold
483,Saunders MacCarter,Amazing food but the service wasn't that good
484,Deedee Aubry,wouldn't recomment to anyone
485,Daffie Flippen,Definetely eating here again
486,Constantia Stratz,Definetely eating here again
487,Fenelia Cubbino,Had an amazing time here
488,Lionel Hurl,Worth the money
489,Ali Holdey,Amazing food but the service wasn't that good
490,Colene MacKerley,Average
491,Inglebert Seefeldt,Average
492,Cherri Sprey,Worth the money
493,Gerick Almond,Amazing food but the service wasn't that good
494,Persis Krout,wouldn't recomment to anyone
495,Brear Casaccio,Got food poisoning
496,Wilt Peachment,wouldn't recomment to anyone
497,Zena Cudde,Average
498,Elnore Annesley,The servers were rude and the food was cold
499,Charo Saltern,Good place for dining out
500,Aeriel Christoffersen,Terrible experience
501,Maribelle Dutnall,Definetely eating here again
502,Marcellus Searight,Definetely eating here again
503,Tabb Peaden,Terrible experience
504,Evelin Spraging,Had an amazing time here
505,Jess Covil,Great service
506,Abbey O'Gaven,Good place for dining out
507,Libbey McCollum,Worth the money
508,Dayna Dedman,Got food poisoning
509,Gabriele Kohn,Great service
510,Mahala Yearnes,Terrible experience
511,Teodora Suthren,Amazing food but the service wasn't that good
512,Rick Gergolet,Was disappointed
513,Lora Andrick,Great service
514,Yulma Hanse,Amazing food but the service wasn't that good
515,Lynn Sill,Terrible experience
516,Corny Chater,The servers were rude and the food was cold
517,Beryle Bollini,Great service
518,Bax Mulcahy,wouldn't recomment to anyone
519,Washington Blann,Worth the money
520,Othella Waymont,Was disappointed
521,Findlay Mateus,Definetely eating here again
522,Amory Cremen,The servers were rude and the food was cold
523,Betta Hames,Average
524,Karlotta Bilam,Average
525,Gaspar Takis,wouldn't recomment to anyone
526,Claudell Sanger,Terrible experience
527,Joyce Roch,Worth the money
528,Granger Harrowell,Worth the money
529,Page Tegeller,Terrible experience
530,Adriano Lawrence,Got food poisoning
531,Jayson Jina,wouldn't recomment to anyone
532,Ivar Clinton,Great service
533,Lucilia McClifferty,The servers were rude and the food was cold
534,Clevie Fattore,Had an amazing time here
535,Ariella Walisiak,Terrible experience
536,Cameron Titcomb,Was disappointed
537,Meyer Thombleson,Good place for dining out
538,Sadella Denson,Good place for dining out
539,Duff Sego,The servers were rude and the food was cold
540,Dion Skellorne,The servers were rude and the food was cold
541,Merilee De La Haye,Good place for dining out
542,Leesa Lovitt,Terrible experience
543,Anya Sloane,Had an amazing time here
544,Jo-ann Barlace,Average
545,Roderich Bettis,Average
546,Bogart Beneteau,Good place for dining out
547,Cacilie Jeannequin,Got food poisoning
548,Free Wingate,Good place for dining out
549,Roseann Bareham,Had an amazing time here
550,Gussy Gilliam,Had an amazing time here
551,Kenon Thorwarth,Worth the money
552,Clay Laws,Good place for dining out
553,Gaspard Sermin,Great service
554,Merrielle Claxson,Worth the money
555,Kameko Eltringham,Definetely eating here again
556,Milzie Tropman,Definetely eating here again
557,Debora Kubik,Amazing food but the service wasn't that good
558,Nicola Wilkin,Definetely eating here again
559,Tiphani De Rye Barrett,Definetely eating here again
560,Kalli Folini,Average
561,Ryon Docwra,Was disappointed
562,Yancey Philippson,Amazing food but the service wasn't that good
563,Elna Jacop,Definetely eating here again
564,Loleta McEneny,Got food poisoning
565,Eduard Lowdeane,Had an amazing time here
566,Trescha Loutheane,Average
567,Wendy Ffoulkes,Terrible experience
568,Morganica Abrey,Worth the money
569,Tomlin Maunder,Had an amazing time here
570,Jeth Danilyak,Great service
571,Zeke Sambrok,Terrible experience
572,Cyrus Robberts,Great service
573,Stormie Balcombe,Got food poisoning
574,Martynne O'Brian,Terrible experience
575,Chery Rivard,Worth the money
576,Ronnie Wardrop,Terrible experience
577,Cos Scardifield,Definetely eating here again
578,Goldie Gages,Worth the money
579,Jocelyn Holyland,Terrible experience
580,Halsey Afield,Average
581,Allister Sunshine,wouldn't recomment to anyone
582,Wilmer Potteridge,Had an amazing time here
583,Gavin Bampton,Terrible experience
584,Osgood Hodgon,Amazing food but the service wasn't that good
585,Monroe Rustan,wouldn't recomment to anyone
586,Had Fisk,Had an amazing time here
587,Annabell Spendlove,Average
588,Diandra Strathman,Got food poisoning
589,Cole MacTrustam,Good place for dining out
590,Jude Belfitt,Average
591,Nicolais Petrak,Got food poisoning
592,Myrtie Pitkaithly,Worth the money
593,Cherye Chadbourn,Good place for dining out
594,Susette Tolfrey,Great service
595,Aubry Rist,Had an amazing time here
596,Mohandas Casbourne,Definetely eating here again
597,Justinn Simonds,Great service
598,Halie Gallone,Got food poisoning
599,Tremayne Griston,The servers were rude and the food was cold
600,Loella Harfleet,Was disappointed
601,Adelaida Farrell,Was disappointed
602,Florencia Astbury,Was disappointed
603,Dallis Sowerbutts,Terrible experience
604,Pearline Speeding,Amazing food but the service wasn't that good
605,Nappie Palmer,Terrible experience
606,Rossy Reagan,Was disappointed
607,Bear Camellini,Definetely eating here again
608,Ellynn Allcoat,Terrible experience
609,Robena Jayne,wouldn't recomment to anyone
610,Jennee Hadlee,Good place for dining out
611,Mollee Theis,Amazing food but the service wasn't that good
612,Bernelle Loweth,Worth the money
613,Elvina Geldart,Good place for dining out
614,Charmain Rapp,Terrible experience
615,Cherye Cominetti,Average
616,Morly Grimbaldeston,The servers were rude and the food was cold
617,Hildegaard Shobrook,Average
618,Melesa Badger,Got food poisoning
619,Cleavland Kall,Was disappointed
620,Laurent Dmitrievski,Amazing food but the service wasn't that good
621,Gail Poulson,Had an amazing time here
622,Lillian Jancey,Definetely eating here again
623,Tersina Peschmann,Terrible experience
624,Judith Ree,The servers were rude and the food was cold
625,Kaela Nickoles,Was disappointed
626,Rena Pobjoy,Worth the money
627,Saxon Sheringham,wouldn't recomment to anyone
628,Edi Bulman,Amazing food but the service wasn't that good
629,Blisse Vogele,Good place for dining out
630,Merrielle Sandyford,Definetely eating here again
631,Nataline Bucktrout,Was disappointed
632,Theo Claridge,Terrible experience
633,Barnard Head,Terrible experience
634,Bren Trenbay,wouldn't recomment to anyone
635,Fidel Pester,Great service
636,Idalia Madsen,The servers were rude and the food was cold
637,Waring Prestland,Definetely eating here again
638,Saba Sambells,Was disappointed
639,Victoir Timmins,Worth the money
640,Livia Kemery,Terrible experience
641,Rufe Medmore,Definetely eating here again
642,Avivah Kilby,Was disappointed
643,Merrile Dunbabin,Terrible experience
644,Anna-diane Ison,Amazing food but the service wasn't that good
645,Tanitansy Mapson,Great service
646,Irv Elmhirst,Got food poisoning
647,Nicolas Ingley,Was disappointed
648,Ivory Stigell,Was disappointed
649,Dede Torre,Terrible experience
650,Evie O'Sharkey,Good place for dining out
651,Sigmund Shieldon,wouldn't recomment to anyone
652,Kale Rottgers,The servers were rude and the food was cold
653,Mariska Chatband,Worth the money
654,Emlen Muselli,Amazing food but the service wasn't that good
655,Pail Kimpton,wouldn't recomment to anyone
656,Joeann Kalvin,The servers were rude and the food was cold
657,Cherry Kettles,Great service
658,Hildy Scourge,The servers were rude and the food was cold
659,Kellen Staley,The servers were rude and the food was cold
660,Neddy Simonnin,wouldn't recomment to anyone
661,Evita Taynton,Terrible experience
662,Daryn Muris,Got food poisoning
663,Linda Mapham,Great service
664,Hilliary Moakes,Had an amazing time here
665,Miran McGrae,Was disappointed
666,Jana Bagshaw,Had an amazing time here
667,Aguie Burroughes,Worth the money
668,Audrey Bogies,Had an amazing time here
669,Cori Flanaghan,Terrible experience
670,Zolly Podbury,Amazing food but the service wasn't that good
671,Lou Saltmarsh,Had an amazing time here
672,Debra Cattemull,Was disappointed
673,Ursola Cornborough,Terrible experience
674,Allix Issatt,Got food poisoning
675,Wallas Addinall,Average
676,Tani Tomasicchio,Definetely eating here again
677,Ginni Curnokk,wouldn't recomment to anyone
678,Maurene Jaquiss,Amazing food but the service wasn't that good
679,Whitman Duffill,wouldn't recomment to anyone
680,Leora Ferrone,Great service
681,Sharline Littlejohns,Got food poisoning
682,Marin Szymanzyk,Definetely eating here again
683,Paige Canavan,Average
684,Jenni Sewley,Was disappointed
685,Nikolaus Leacock,Average
686,Gui Sheeran,Good place for dining out
687,Egan Tuke,Definetely eating here again
688,Esma Fligg,Got food poisoning
689,Granger Farens,Had an amazing time here
690,Baird Bachshell,Worth the money
691,Wright Barriball,Amazing food but the service wasn't that good
692,Devinne Britt,Got food poisoning
693,Leandra Ducket,Was disappointed
694,Mariette Higgen,Worth the money
695,Barney Danielot,Average
696,Emmy Sackes,Had an amazing time here
697,Dinnie Line,Was disappointed
698,Mac Huckel,Terrible experience
699,Jobye Boyles,Had an amazing time here
700,Orsola FitzGilbert,Got food poisoning
701,Philis Jeffree,Definetely eating here again
702,Avery Kitchingman,Definetely eating here again
703,Darrel Skarman,Definetely eating here again
704,Kelci Rosoman,The servers were rude and the food was cold
705,Tracie Jessard,Good place for dining out
706,Kalvin Tomkys,The servers were rude and the food was cold
707,Esteban Nester,The servers were rude and the food was cold
708,Gerrie Yurkov,Worth the money
709,Levon Wimlet,Average
710,Ashli Bucham,Had an amazing time here
711,Alfredo Gemnett,Had an amazing time here
712,Sunshine Liddel,Great service
713,Brittany Rimell,Had an amazing time here
714,Samaria Ronaghan,Was disappointed
715,Luigi Bellringer,The servers were rude and the food was cold
716,Carmelina Scrafton,Terrible experience
717,Hersh Kupka,Great service
718,Dicky Loges,Had an amazing time here
719,Christina Bains,Amazing food but the service wasn't that good
720,Lemmie Proudler,The servers were rude and the food was cold
721,Alyse Ruggen,Amazing food but the service wasn't that good
722,Merrie Lincke,Terrible experience
723,Abagael Edlington,Got food poisoning
724,Raff Roggieri,Average
725,Stace Ambage,Definetely eating here again
726,Charlotta Manchester,Great service
727,Denis Mounsie,wouldn't recomment to anyone
728,Roxie Leblanc,Amazing food but the service wasn't that good
729,Dion Windeatt,Definetely eating here again
730,Manolo Fawlkes,Amazing food but the service wasn't that good
731,Polly Strick,Was disappointed
732,Elonore MacKnight,Amazing food but the service wasn't that good
733,Adora Middlemass,Got food poisoning
734,Broderic Keyser,Average
735,Jannelle Bescoby,Worth the money
736,Victor Julien,Was disappointed
737,Henderson Frackiewicz,Average
738,Dorian Aldersea,Amazing food but the service wasn't that good
739,Barrie Hew,Terrible experience
740,Lanette Madoc-Jones,Worth the money
741,Mariejeanne McBeath,Worth the money
742,Calhoun Edgeworth,Had an amazing time here
743,Winthrop Creboe,Average
744,Beale Ettridge,Average
745,Linda Mathelon,wouldn't recomment to anyone
746,Rupert Crathorne,wouldn't recomment to anyone
747,Rabbi Cardo,Had an amazing time here
748,Willard Tart,Got food poisoning
749,Lisabeth Friatt,Worth the money
750,Culver O' Molan,Average
751,Olwen Dauncey,Great service
752,Abigael Drewett,Definetely eating here again
753,Cam Adaway,Got food poisoning
754,Griffy Wheildon,Terrible experience
755,Hedi Olivelli,Average
756,Hildagarde Cesco,Great service
757,Wrennie Sterley,Was disappointed
758,Cal Boice,Average
759,Luigi Spraging,Had an amazing time here
760,Archer Hillett,Definetely eating here again
761,Kiele Stiggers,wouldn't recomment to anyone
762,Sissie Dahler,Definetely eating here again
763,Lonnie O' Donohoe,Good place for dining out
764,Kellen Pescott,wouldn't recomment to anyone
765,Sarge Syseland,Worth the money
766,Pepi Badham,Amazing food but the service wasn't that good
767,Jarrod Renison,Great service
768,Ginger Espina,Got food poisoning
769,Thorndike Reichert,The servers were rude and the food was cold
770,Kimberlyn Huccaby,Definetely eating here again
771,Ethelin Pitkaithly,Amazing food but the service wasn't that good
772,Holt Scoyles,The servers were rude and the food was cold
773,Stanleigh O'Nions,Amazing food but the service wasn't that good
774,Ruth Ochiltree,Had an amazing time here
775,Winfield Waryk,The servers were rude and the food was cold
776,Toiboid Leupold,Definetely eating here again
777,Kincaid Withringten,The servers were rude and the food was cold
778,Thatcher Lening,Had an amazing time here
779,Gothart Morrison,Had an amazing time here
780,Wilone Pelzer,Was disappointed
781,Glen Canlin,Amazing food but the service wasn't that good
782,Sidney Beeswing,Average
783,Michale Hoult,Good place for dining out
784,Angelo Jays,The servers were rude and the food was cold
785,Merilee Cambell,wouldn't recomment to anyone
786,Justino Beevor,Got food poisoning
787,Rosemarie Spanton,Average
788,Bord Crane,Great service
789,Julius Nano,Amazing food but the service wasn't that good
790,Janenna Weldrake,Was disappointed
791,Bryon Midden,Definetely eating here again
792,Rosalynd Thexton,Average
793,Alexandr Ondrousek,Great service
794,De Poschel,Great service
795,Wallas Olford,Great service
796,Carmella Lauritsen,Terrible experience
797,Natalina Ager,The servers were rude and the food was cold
798,Beauregard Jeffcoat,wouldn't recomment to anyone
799,Aurlie Ridolfi,Had an amazing time here
800,Jo ann McAuley,The servers were rude and the food was cold
801,Lilla Boyle,Worth the money
802,Cathryn MacLaren,wouldn't recomment to anyone
803,Bernie Booi,Got food poisoning
804,Woodie Golling,The servers were rude and the food was cold
805,Andy Caddick,The servers were rude and the food was cold
806,Helenelizabeth Delieu,Had an amazing time here
807,Welbie Ashman,wouldn't recomment to anyone
808,Keelby Sheen,Definetely eating here again
809,Lexis Iskower,Average
810,Vinson Hughs,Average
811,Whit Winckles,Average
812,Brander Iacobucci,Amazing food but the service wasn't that good
813,Wendel Joontjes,Terrible experience
814,Valentine Hedde,Got food poisoning
815,Lowrance Segge,Worth the money
816,Humfrey Perle,The servers were rude and the food was cold
817,Tomlin Marqyes,The servers were rude and the food was cold
818,Noelani Salter,Amazing food but the service wasn't that good
819,Julianna D'Ambrosio,Terrible experience
820,Armstrong Twells,Definetely eating here again
821,Maitilde Brands,Good place for dining out
822,Stafford Harower,Terrible experience
823,Howie Shaw,Terrible experience
824,Tadeas Bothams,Had an amazing time here
825,Letitia Gauchier,Definetely eating here again
826,Carlyn Verecker,Good place for dining out
827,Shirline Scohier,Was disappointed
828,Mommy Kinsell,Definetely eating here again
829,Willabella Wille,Got food poisoning
830,Broderic Cousans,Good place for dining out
831,Happy Pappi,Good place for dining out
832,Hussein Whal,The servers were rude and the food was cold
833,Caleb Deroche,wouldn't recomment to anyone
834,Kristian Terris,wouldn't recomment to anyone
835,Gilli Kezor,wouldn't recomment to anyone
836,Sophey Quenby,Worth the money
837,Bernadina Du Hamel,Great service
838,Damita Luckwell,Worth the money
839,Renado Zorzenoni,Amazing food but the service wasn't that good
840,Hyacinthe Giacopello,Amazing food but the service wasn't that good
841,Tiffany Godard,Amazing food but the service wasn't that good
842,Lancelot Lacer,Average
843,Roger Adamowicz,wouldn't recomment to anyone
844,Chlo Toffaloni,The servers were rude and the food was cold
845,Georgia Lavender,Average
846,Gilberto Mansfield,Was disappointed
847,Rhodie Anselmi,Worth the money
848,Joell Mayte,Terrible experience
849,Sibyl Tebboth,Amazing food but the service wasn't that good
850,Kelley Blanko,Amazing food but the service wasn't that good
851,Jayson Starkings,Terrible experience
852,Donaugh Chaulk,Average
853,Jamey Como,Worth the money
854,Chip Eastcourt,Good place for dining out
855,Iolande Stares,Average
856,Tamarra Danhel,Was disappointed
857,Nell Rippingale,Terrible experience
858,Hamlin Domenico,Was disappointed
859,Leopold Applegate,Terrible experience
860,Ronnie Allaker,Amazing food but the service wasn't that good
861,Viviene Neale,wouldn't recomment to anyone
862,Carole Codlin,Worth the money
863,Bryon Jirik,Average
864,Kristian Barker,Was disappointed
865,Cassi Gibbon,Great service
866,Kristine Linnit,Average
867,Hill Nazer,Terrible experience
868,Ruthie Littlewood,Average
869,Evelina Girkins,Got food poisoning
870,Bambie Gwyllt,Was disappointed
871,Terrell Vigors,Worth the money
872,Brianna Osgorby,The servers were rude and the food was cold
873,Fanny Dorrance,Great service
874,Marcelle Caughey,Worth the money
875,Dylan Primarolo,wouldn't recomment to anyone
876,Becki Rudge,Had an amazing time here
877,Wait Esser,wouldn't recomment to anyone
878,Pascale Wayland,Terrible experience
879,Em Excell,Average
880,Liuka Persicke,Amazing food but the service wasn't that good
881,Rickie Ethridge,Great service
882,Lina Scholtis,Amazing food but the service wasn't that good
883,Doll Causbey,Had an amazing time here
884,Gennifer Hancock,Had an amazing time here
885,Rouvin Jendricke,Was disappointed
886,Sanson Steers,Good place for dining out
887,Norbie Starr,Amazing food but the service wasn't that good
888,Robbie Lonergan,Amazing food but the service wasn't that good
889,Toiboid Coil,Amazing food but the service wasn't that good
890,Jessie McKinna,Terrible experience
891,Hurleigh Sneller,Average
892,Cecile Fenn,Definetely eating here again
893,Violet Roseborough,Terrible experience
894,Karoly Rushford,Amazing food but the service wasn't that good
895,Daria Macilhench,Definetely eating here again
896,Magdaia Ruslen,The servers were rude and the food was cold
897,Rodney Aleksandrikin,Had an amazing time here
898,Pia Goffe,Amazing food but the service wasn't that good
899,Bamby Bovis,Worth the money
900,Dino Whithorn,The servers were rude and the food was cold
901,Aeriela Vaillant,Worth the money
902,Jemmie Olle,Great service
903,Steve Spray,Definetely eating here again
904,Annamaria Torre,Was disappointed
905,Drucill Yerill,Got food poisoning
906,Amalea Freire,The servers were rude and the food was cold
907,Lelah Walesa,Had an amazing time here
908,Fredia Madle,Was disappointed
909,Man Roze,wouldn't recomment to anyone
910,Britni Rushforth,Terrible experience
911,Norah Pucker,Average
912,Sean Gyppes,Great service
913,Eolanda Gamett,Great service
914,Randall Goodlife,Good place for dining out
915,Micky Halsworth,Worth the money
916,Clim Senechault,wouldn't recomment to anyone
917,Delmar Traise,Definetely eating here again
918,Pate Straw,wouldn't recomment to anyone
919,Addi Boulder,Amazing food but the service wasn't that good
920,Melonie Pegram,Had an amazing time here
921,Mozelle Stiegar,Was disappointed
922,Reyna Glasper,Had an amazing time here
923,Phaidra Guppie,Definetely eating here again
924,John Robbins,Had an amazing time here
925,Shem Gonthier,wouldn't recomment to anyone
926,Annabel Peto,Was disappointed
927,Annabell Old,wouldn't recomment to anyone
928,Lebbie Blaxter,Got food poisoning
929,Myrtice Gulston,Worth the money
930,Sayre Wrigley,Was disappointed
931,Misti Batthew,Definetely eating here again
932,Tawnya Ewles,Definetely eating here again
933,Herrick McKenzie,Worth the money
934,Stefania Dockwray,Definetely eating here again
935,Ulla Lupton,Good place for dining out
936,Burty Kinchington,The servers were rude and the food was cold
937,Darci Hilldrup,The servers were rude and the food was cold
938,Stillmann Sankey,Good place for dining out
939,Angelique Pigott,Was disappointed
940,Hedwig Olivari,Amazing food but the service wasn't that good
941,Milt Sneddon,Amazing food but the service wasn't that good
942,Emlen Manton,Terrible experience
943,Letizia Danilovic,Terrible experience
944,Corilla Ilyukhov,Definetely eating here again
945,Jamima Showte,Worth the money
946,Evelyn Sergeaunt,Definetely eating here again
947,Maggie Costell,The servers were rude and the food was cold
948,Ingra Clubley,Definetely eating here again
949,Oby Pharo,Definetely eating here again
950,Denyse Campo,wouldn't recomment to anyone
951,Marj Attride,Amazing food but the service wasn't that good
952,Michele Sturror,Was disappointed
953,Mohandis Garnsworth,Terrible experience
954,Obie Runciman,Definetely eating here again
955,Walton MacCartair,wouldn't recomment to anyone
956,Wit McKechnie,Definetely eating here again
957,Renell Guiet,Great service
958,Dale Hambling,Worth the money
959,Tomlin Very,Good place for dining out
960,Baily Muge,wouldn't recomment to anyone
961,Tierney Motte,wouldn't recomment to anyone
962,Tommy Caustic,The servers were rude and the food was cold
963,Micheil Vedekhov,Amazing food but the service wasn't that good
964,Melony Martinelli,wouldn't recomment to anyone
965,Esdras Tillman,Had an amazing time here
966,Cyrillus Saggs,The servers were rude and the food was cold
967,Lia Giraudat,Good place for dining out
968,Cherey Roots,Average
969,Cecil Mapples,Worth the money
970,Dimitry Birrel,The servers were rude and the food was cold
971,Chalmers Scholes,Was disappointed
972,Kaitlyn Rizzello,Was disappointed
973,Guillermo Aiskovitch,Terrible experience
974,Allianora Worsalls,Had an amazing time here
975,Jenine Houten,Had an amazing time here
976,Clotilda Antoshin,The servers were rude and the food was cold
977,Paige Basketfield,Average
978,Sher Ollivier,The servers were rude and the food was cold
979,Bethanne Duffit,Was disappointed
980,Imogene Clingoe,Terrible experience
981,Sharai Habbon,Good place for dining out
982,Marcia Scrinage,The servers were rude and the food was cold
983,Jodi Kittow,The servers were rude and the food was cold
984,Tristan Gorman,Got food poisoning
985,Scarlet Wardingley,Great service
986,Derek Formigli,The servers were rude and the food was cold
987,Erin Toon,Worth the money
988,Pincus Pagett,wouldn't recomment to anyone
989,Zacharia Lindbergh,The servers were rude and the food was cold
990,Nancey Crimpe,Got food poisoning
991,Maddalena Mitchelhill,Average
992,Shalne Choppen,wouldn't recomment to anyone
993,Josephine Winton,Definetely eating here again
994,Yorke Tellenbrok,Worth the money
995,Leon Ould,wouldn't recomment to anyone
996,Nikola Calcraft,Amazing food but the service wasn't that good
997,Ethyl Sloey,Got food poisoning
998,Boniface Yule,Got food poisoning
999,Linnell Ronchi,Great service
1000,Tabbie Langlois,Got food poisoning
