id,Username,User_Password,Email
1,hshepland0,WGN3rVPIS2,ahandes0@nbcnews.com
2,tlarive1,rRv2Z1HjCAVk,jcramphorn1@csmonitor.com
3,lbennett2,ikqUw0PEW,kpuckett2@opera.com
4,bmoxsom3,8COet2,mreedshaw3@slate.com
5,gmein4,6NR3jYRg,smoorfield4@rediff.com
6,apottinger5,8d5e28hT,mcragoe5@umn.edu
7,kgiacobillo6,FzkSntAkO,bgarvey6@51.la
8,rferrolli7,znUFhmkVYMGI,odunan7@issuu.com
9,tlatorre8,0GekxKTL,hellaway8@apple.com
10,pheinschke9,UtmQ8H,wbottle9@google.ca
11,codoogana,dZhhL5mgn5aO,wweonda@purevolume.com
12,smcelvineb,BLyJnL6Z4Vhi,amewesb@loc.gov
13,tkringec,BIH2yAytzpJ,jheggiec@instagram.com
14,bmccomasd,3NcrByDP,hdorred@oaic.gov.au
15,dyellope,pA4QzbplT8,shessenthalere@wordpress.org
16,tnazaretf,XILx0O6DoI,wviversf@about.com
17,ededeig,M1UuPEg,tjonasg@independent.co.uk
18,zborthramh,tDgKfrXmFs4,cnancarrowh@fema.gov
19,shrinchishini,PTQ1XhiLb,kbarfitti@nifty.com
20,wwallacej,rXeKKRRX,dsewterj@unesco.org
21,fharriskinek,qKKOUYA,cmcavincheyk@nih.gov
22,vpinnigarl,fF8p2yJp8g,hcleifel@theglobeandmail.com
23,mliebrechtm,Vc08chOn6,emuddlem@sfgate.com
24,jantrumn,ajkYaWNfdfc,hblackborown@1und1.de
25,rcicchinellio,kfOjYp5wYjKc,jfrichleyo@alibaba.com
26,dslipperp,UC8HaICuaS06,rjeannotp@jimdo.com
27,rmcgraghq,1uCkE2,rarendtq@mashable.com
28,cdebruinr,EEsSKdS,dwinklessr@kickstarter.com
29,bottons,jOiAieP4ryG3,stschierasches@example.com
30,nanelayt,utnxmD3,smagnust@ted.com
31,eparrinu,XbTNT9w,mharriagnu@mapy.cz
32,lyakushkinv,4UZDWFob,ehelisv@java.com
33,jfairfullw,3nbheZ,pyeliashevw@exblog.jp
34,kjaycocksx,5hnr3m50,emadsenx@home.pl
35,clohdey,jfoClsqRd,mbabonauy@huffingtonpost.com
36,cthornez,e0unPZGhcU,knorewoodz@shutterfly.com
37,creolfo10,PGvpbG5QlRo,rserck10@samsung.com
38,lpaullin11,rRiwHa,vbeeke11@google.com.br
39,eryam12,RogcdUZHBY8,bupson12@eventbrite.com
40,lsprowson13,o5fRMmmy,rcradock13@newyorker.com
41,mduchasteau14,6Uumwhp8DJ,mlugton14@hud.gov
42,zeliasson15,LucsBaRs9QX,gboc15@mapquest.com
43,hcuxon16,HCmKJ3szsr,bedmenson16@simplemachines.org
44,moubridge17,p1gP264ucU,nolfert17@elegantthemes.com
45,fcommins18,ag37ux3,hhoulton18@biglobe.ne.jp
46,aquadri19,MRSut03xN,kwoodington19@marketwatch.com
47,whassekl1a,rIGumKQqL7,ftheobalds1a@alexa.com
48,emitkov1b,xcce7Yo7e,csign1b@economist.com
49,apoulton1c,NE5K77,rorviss1c@skype.com
50,bwinterbotham1d,KOxLxTNa8Nu0,vspore1d@answers.com
51,cblackie1e,uNd5OYnvsoL,hfarrear1e@ezinearticles.com
52,flipscomb1f,Zcj2wrPiZl5,hcardis1f@chronoengine.com
53,agadsdon1g,KJalwgeQijxS,lsante1g@nhs.uk
54,fgiurio1h,zT9MMSvJJ,cloram1h@sina.com.cn
55,aioan1i,76Q7it77VS,dspeenden1i@chron.com
56,xsunshine1j,yp7h5qbpb,ttoner1j@psu.edu
57,ctreadway1k,04ojXVU2HQqV,kbondy1k@seesaa.net
58,agillingwater1l,cAu8Fpn3Wb,cullyott1l@weebly.com
59,jwaslin1m,yKJkXEuO6Dx2,cwickerson1m@live.com
60,mandreu1n,d5DrGdnm,lstiffkins1n@networkadvertising.org
61,khuyhton1o,XhL3pQhSr,baustick1o@zimbio.com
62,mferrey1p,eD0BlfPBYYZn,hdrewe1p@sogou.com
63,csivior1q,hV3Cx3xzh,goliddy1q@clickbank.net
64,mtrays1r,DqzB5Ky8kLal,kralling1r@surveymonkey.com
65,alebarree1s,bgxtZ74,dzanetello1s@usnews.com
66,enozzolii1t,umPVpL0QgKa,wwickwar1t@usatoday.com
67,obarstow1u,6k7xJR,gbenbow1u@utexas.edu
68,mhansemann1v,H8snQXmnK,aschanke1v@opensource.org
69,pwinyard1w,I1ho4w,fjannasch1w@networkadvertising.org
70,jpretsel1x,FdkvOY,cosant1x@usda.gov
71,gerik1y,juuYhN,agherardelli1y@ca.gov
72,jlilbourne1z,hSPobqL,gpenddreth1z@dropbox.com
73,gosmon20,YslX7wA1YjWb,kwalmsley20@phpbb.com
74,jattride21,UXDo0v0TaJ0,lfenix21@shinystat.com
75,crosen22,0dM7DFdcEn,tyanin22@geocities.jp
76,llargen23,fdEHnEu8o,akrol23@ycombinator.com
77,fclutten24,UQ6MS5gIS,mbourges24@clickbank.net
78,cdelhay25,HyqpdDlxm5,cvassar25@europa.eu
79,pgoullee26,ZfdP9k,bschoenleiter26@skyrock.com
80,rmoller27,di0fUE2IbbJx,cmcginly27@sun.com
81,lsedman28,BkuxPCS388eV,bdendon28@weebly.com
82,lbellsham29,dvD00vTv,yklaaassen29@netvibes.com
83,lrapper2a,5E5GywJ1MEu,fpennyman2a@symantec.com
84,bpethrick2b,qrX3IlJ5CBx,gkettlewell2b@umich.edu
85,jwoliter2c,tdjbAS5om,cgumb2c@microsoft.com
86,ttracy2d,Abc4b0d,jhofler2d@reverbnation.com
87,llisamore2e,wdrxmzLVLW,svockings2e@bigcartel.com
88,coliveti2f,1eNnmGXQpHW,lkynson2f@sciencedaily.com
89,ehovell2g,KI6jNHr3Vx5,gtonkinson2g@ed.gov
90,cmcjury2h,Z3FHBd7Sm,evalerius2h@instagram.com
91,tcavill2i,Ix58xRRk1,edummigan2i@census.gov
92,mdonaway2j,hGrjByYfi,abruhke2j@nsw.gov.au
93,edelve2k,cI3Fc1,nshirtcliffe2k@ezinearticles.com
94,wweed2l,Ho5K3AFpMG,fderell2l@nhs.uk
95,kmelland2m,jRAcOxz,mblazevic2m@cbc.ca
96,cvittore2n,nr6aGPnoB,ggubbins2n@jiathis.com
97,apicard2o,RfA4rjyM,lbasil2o@multiply.com
98,cmoffatt2p,xD7AhO,rpaylie2p@engadget.com
99,tcowlas2q,LWGd1PElk65,kbramer2q@japanpost.jp
100,mmcwhinnie2r,XV0StVpKk4Qk,pliveley2r@xrea.com
101,rdat2s,5ABdv4iiUi,rglanester2s@wix.com
102,cdoggett2t,KZ2BE2SuQH72,ralcoran2t@amazonaws.com
103,dbeddoe2u,Fry9XoF2W,mbear2u@aboutads.info
104,hgatiss2v,zBmOW8H,aberridge2v@wordpress.com
105,mparkhouse2w,irJE4JK,sbarling2w@uol.com.br
106,darnecke2x,aeShViqNqKct,thuthart2x@photobucket.com
107,bkrauss2y,Cfqalrtdtu,nmccaughan2y@admin.ch
108,ctattersfield2z,oSNlvrPc6,umasse2z@wikispaces.com
109,cbarthelmes30,IfgPZWqg331f,rmacaless30@networksolutions.com
110,eashbee31,voPISNj6,icoffey31@goodreads.com
111,aservant32,Ah10KD,ipescott32@arstechnica.com
112,hguerrin33,3bOC4L0voWk3,rbrittian33@shareasale.com
113,wsimonassi34,rtDsko5S,kmuxworthy34@wix.com
114,rkayes35,1I6jEFb8ud8,ywinstanley35@friendfeed.com
115,bwhorlton36,KLDeJx1m,dkleinbaum36@weebly.com
116,pseagrave37,X35Wmmdg36TS,kcreer37@zdnet.com
117,rveldstra38,Kpn1a4gNUuM7,doliva38@vkontakte.ru
118,fstangoe39,QlBCwadM3,ejanman39@huffingtonpost.com
119,msexcey3a,PnFtEZER,mdonativo3a@slideshare.net
120,vstanfield3b,WCOe7poU3N9,gstorcke3b@senate.gov
121,eballinghall3c,G25YPf17Ztsh,fmacfaul3c@nytimes.com
122,apatrone3d,aBjJnZdnvg,vfone3d@cbc.ca
123,pellwell3e,E6Va20,sflewitt3e@homestead.com
124,gtregunnah3f,gHPZkM,lspendlove3f@bravesites.com
125,gthornewill3g,nKiigEXtiA,ddunleavy3g@miibeian.gov.cn
126,esimcock3h,fDsMD1xH,bgillimgham3h@discovery.com
127,mparmer3i,2AF5fK7WtJN,mlerway3i@people.com.cn
128,lsked3j,pVXBzHHap3pr,arizzardi3j@craigslist.org
129,asurgener3k,yDzkKhim,gniese3k@tripadvisor.com
130,dlaughren3l,B2h74tc,tmachan3l@tripadvisor.com
131,gjobin3m,9SyUnysBz7Q,jbargh3m@exblog.jp
132,zmelly3n,sCrwTPHlkE,bbarnby3n@techcrunch.com
133,mfirth3o,ZlG9nI,pmccague3o@ustream.tv
134,eaddionizio3p,PCm01xBhPDAZ,bhanmer3p@princeton.edu
135,kmccafferky3q,Mevh6U,cdabrowski3q@discuz.net
136,svanvelde3r,g10caImfI9v,hfrancie3r@reference.com
137,tmyhill3s,hGV6GP6PnX6,drous3s@home.pl
138,gyewdall3t,oqP7jrLZ,jlaing3t@gizmodo.com
139,msimecek3u,HHUmJH,jfrancois3u@devhub.com
140,hmcgillecole3v,IIzzQJsDtD,aberkely3v@wikia.com
141,jmelloi3w,9OLx8lnFmEbN,hparton3w@sun.com
142,ksoftley3x,U3Lph2ZWWPH,ahail3x@drupal.org
143,ccrowest3y,bzgVneANRx,dgoymer3y@sphinn.com
144,agenny3z,5O69yB6Z2Sz,bwhewell3z@narod.ru
145,fmaccrosson40,T4iFqsFZ,llippiello40@google.com.br
146,cvedekhov41,K3I0SSMIiv3,aorneblow41@netscape.com
147,aphilipet42,bzkA84W,bhambrook42@stanford.edu
148,mstruthers43,Cj1G3iRg,fscullin43@usnews.com
149,myoungman44,8BV8oTWFbAh,fbungey44@webmd.com
150,jcalderwood45,Ik4OeoRhFB1q,bpenke45@booking.com
151,hmcandie46,t8v2Bl4Fz,clemoucheux46@blog.com
152,dhelks47,97nxTtTOOeq7,fspeenden47@tiny.cc
153,rchettle48,FNSrdpquXe3K,srivitt48@wired.com
154,csommersett49,qP0Q9Vcm,dmiskin49@bbc.co.uk
155,owyeld4a,qEzNAtYu,gmcilenna4a@jigsy.com
156,lhasted4b,Z79DYVp5f,bmaccarter4b@goo.ne.jp
157,bdekeyser4c,eggUPm2dS5x,crawdales4c@networkadvertising.org
158,kdovermann4d,aMajWmq,pcracknell4d@theguardian.com
159,ksprey4e,BBIR5LX,mdubois4e@dyndns.org
160,rgookey4f,TnJ1yJz,imucklo4f@jiathis.com
161,adebow4g,dt7gPB,hreddlesden4g@goodreads.com
162,cgiraldez4h,49TRzsjZ8Xb,msustin4h@google.ca
163,ojurgenson4i,iUWSGrMih,lleivers4i@issuu.com
164,nsille4j,H8B7JNCcL,kberndsen4j@nydailynews.com
165,ksalters4k,nTnji1v5Kku0,vsudddard4k@toplist.cz
166,htrethewey4l,AyWv7lyI6i,mgilphillan4l@de.vu
167,lradbourn4m,oLMYsWic,srikel4m@blogtalkradio.com
168,twadman4n,KVH6pcO,kfletcher4n@census.gov
169,pcody4o,RaEYGv839Tv1,emair4o@ucoz.ru
170,vmacinnes4p,eZfRL0fRNS,lchinnock4p@mysql.com
171,oagneau4q,5g5PIqAI,danthoine4q@amazon.co.uk
172,gingold4r,zyu9x6,amerrill4r@sitemeter.com
173,iyorkston4s,N3mH5XD6,materidge4s@yelp.com
174,jhasslocher4t,0N6cIubOA,bnorthcliffe4t@bbc.co.uk
175,fkillich4u,ppeV6ZjP,tpedrazzi4u@blogs.com
176,gdalgardno4v,XfS7ApgwiWv,imckelvey4v@instagram.com
177,tshapero4w,FcrNsmVx0gld,jdethloff4w@odnoklassniki.ru
178,dmolder4x,8yONwPwcnw,npitman4x@cafepress.com
179,mbuncom4y,YrMPJ39LlWAL,mdemangeon4y@prnewswire.com
180,cmccarrison4z,wYUTlb,jbranno4z@themeforest.net
181,fklauer50,zlzgTpJvcYAf,rmemory50@hexun.com
182,lbenedek51,IrW49550Gfd,bkilmurray51@squarespace.com
183,tseignior52,grApVVWo5d,bkollatsch52@nationalgeographic.com
184,jseiler53,m1bXbgTow,ljandera53@arstechnica.com
185,fgodrich54,K7J8Hy2Cf,ecolwell54@comcast.net
186,leales55,OjcwgtYm7,dpenswick55@mail.ru
187,mogormally56,hINgcFybJ5,tfownes56@constantcontact.com
188,rhallan57,DAAVNwoV2kX,hbarroux57@paypal.com
189,tpechet58,GCgFSQ,rstaniland58@nytimes.com
190,mjorry59,NR6PfoWuDg5C,mdansken59@buzzfeed.com
191,fjosuweit5a,DNE74ZhBfu9,kupson5a@chronoengine.com
192,bsquirrell5b,8w6gnhUxHsRp,lelie5b@t.co
193,soade5c,kl0T41xA8,bbussel5c@paginegialle.it
194,bdabourne5d,d81aJ6gB,nrubinlicht5d@cisco.com
195,ekeymar5e,fC0kn83BtLWd,lpickover5e@addthis.com
196,mpaviour5f,4yDgoK,jgrieg5f@ebay.com
197,mgarrett5g,1VUGDPfk0EW,swinsor5g@dagondesign.com
198,gjankovsky5h,IfYuVK1SNK,lzukerman5h@live.com
199,sbarrett5i,o7xxyl,hcurzon5i@chicagotribune.com
200,rscandred5j,bbCS0E4Z5I4X,cpoltun5j@noaa.gov
201,worniz5k,GT8e0de,gsalt5k@miitbeian.gov.cn
202,mmulchrone5l,PQJM5Ir,rmcglynn5l@pcworld.com
203,nstranio5m,O4rl9j2qZ,bgreeson5m@live.com
204,hgilley5n,cjyJ9NMuhGzY,serik5n@hugedomains.com
205,vklesse5o,TIaRcvlmdSJ,ejeste5o@virginia.edu
206,mnevins5p,GwQgg6jpDoPv,npavek5p@etsy.com
207,ablanckley5q,eJEFby,ndeverill5q@nhs.uk
208,rpuddefoot5r,CnOstMPGgTj,msmorthit5r@umn.edu
209,cmary5s,Xwhw2DwMK7U,jclemmen5s@ft.com
210,dwotherspoon5t,84WM67Mf2U,vcastaner5t@google.nl
211,bdradey5u,T30ftn,dboich5u@google.com.hk
212,kdadds5v,6oE7hh0,smacgillivray5v@fastcompany.com
213,mmalsher5w,OsyKBMh,pposvner5w@purevolume.com
214,dkivlin5x,nPpEdrcc5ipE,gnatte5x@opensource.org
215,agrimbaldeston5y,qj01vZNk2,bblakden5y@4shared.com
216,mbirkin5z,wTWQJHqsD,caumerle5z@bravesites.com
217,ngretham60,d7IGRMMB,zosgar60@google.es
218,ccapsey61,b8glNHnuhC,lromanetti61@mozilla.org
219,mstovine62,4nuaZxBhcFGK,bitscovitz62@ca.gov
220,cgouldthorp63,5oVVNFvTvwb,nphilippsohn63@lycos.com
221,wdesaur64,RuwVNgF8SBWV,jwindsor64@liveinternet.ru
222,foslar65,bggYImulO,jsproson65@mapquest.com
223,ethaine66,1b9fuv,gsoares66@theatlantic.com
224,elongdon67,orOlK7,ctyrone67@jugem.jp
225,aschulze68,QEWMF1J9DHn,vramsey68@europa.eu
226,akilius69,itGxxuCnDF,mmcquilty69@oakley.com
227,ewaller6a,wvEudqktHiAK,rosichev6a@ucla.edu
228,astitch6b,sj2mV6,wmaffini6b@vk.com
229,rdoppler6c,jy48vY6,agrannell6c@upenn.edu
230,slightoller6d,yOWhzsz,ndovydenas6d@google.de
231,bglasgow6e,O0vaJ2GikkN,dpracy6e@joomla.org
232,gtwycross6f,rR2sGu,jmordecai6f@prnewswire.com
233,vbaile6g,2GayjnY,sszymczyk6g@omniture.com
234,wperdue6h,0Z5fwr9E3,psivill6h@latimes.com
235,cpallent6i,wH9RxRif8Gw,mkemetz6i@ycombinator.com
236,ehillyatt6j,HPb2yRf1MjMk,rmulhill6j@reference.com
237,bsymmers6k,Nnx8f6FhTg,wblanko6k@scribd.com
238,hambridge6l,oA2ar5,htomson6l@deliciousdays.com
239,aloutheane6m,VPVtaIuou6D,tgodney6m@sourceforge.net
240,lbuggs6n,VYUtOA5mI1PS,lmoxsom6n@free.fr
241,ldeware6o,jLBeG2DL9kWe,fruprich6o@jiathis.com
242,tmora6p,ttj6SryMF,rmacard6p@narod.ru
243,mmanntschke6q,05B3uY,ccasaccia6q@pinterest.com
244,ksnoddon6r,x7kyIKW,mbaiden6r@reddit.com
245,tcubbinelli6s,IcE1BsRCxiIe,kmckendry6s@nature.com
246,epeddel6t,VwA8EjJWd16,hdruce6t@goo.ne.jp
247,aplomer6u,WxxphnN,abrunke6u@businessinsider.com
248,spietrzyk6v,qeGUP9,gscarisbrick6v@cam.ac.uk
249,sglaves6w,4MENKkZkicX,nmcisaac6w@mediafire.com
250,ptithacott6x,gRWSIc0Sz9M7,kroselli6x@4shared.com
251,cgrogan6y,jBEg2uq,htollet6y@springer.com
252,tantunez6z,mgpZPnx4,amaffucci6z@list-manage.com
253,mmatuszkiewicz70,ZsYYQdEyA,carrow70@ovh.net
254,lheineke71,pBhntw3e7Wx,lflintoff71@accuweather.com
255,dcafe72,VsFbN7Acq,sludgate72@yolasite.com
256,amcguinley73,NqoAqgw9,jburger73@elpais.com
257,rmcginlay74,rqaGWWN1Cg,eganning74@yahoo.co.jp
258,bcondy75,c1w3s9ikYip,rfairbrass75@sakura.ne.jp
259,psinderland76,MSwxBR7DzP,gfurtado76@hugedomains.com
260,aperfili77,ZMCjFo8,sgage77@icq.com
261,lcattle78,DdNm15BNUO,wboodle78@1und1.de
262,lcolleford79,WWeW5PLI,vlongworthy79@accuweather.com
263,ahiscoke7a,2fG0o6,adomenget7a@epa.gov
264,rworley7b,fp1umgyGQvi,pmurray7b@dagondesign.com
265,ngeck7c,1g2TNXmm,prathbone7c@diigo.com
266,lmccaffrey7d,mtnVMogw,wbinks7d@xrea.com
267,chanham7e,Cy8q2TU4Q,hpriddle7e@rambler.ru
268,aswyre7f,DmXKAfgj6P0,ehunter7f@wufoo.com
269,sjenton7g,R7NA3CsCjZ,kruggieri7g@youtube.com
270,khelmke7h,SwPuBqwtI6,mmorgan7h@wsj.com
271,esunock7i,zexWpw3mS8,ececely7i@ning.com
272,aaymer7j,XNm7zP0TSimg,gcastaneda7j@auda.org.au
273,bsemiraz7k,amyx7ibz,hmordin7k@tripadvisor.com
274,pvalentetti7l,xJ7ZobSS5,kmcgiffie7l@craigslist.org
275,jkisbee7m,LYGOcvoGfI,dhallgalley7m@alexa.com
276,knormandale7n,PCZQewGY1,ikillingback7n@businessweek.com
277,svaleri7o,8Mc0x4CsVVw,lparkisson7o@barnesandnoble.com
278,aosan7p,fpQXyWfg,ssprigings7p@vk.com
279,tmiliffe7q,bf7GxA,cohanley7q@ca.gov
280,bchadburn7r,FBDx4OdS,jspurret7r@hud.gov
281,ginnocenti7s,IoL2qn,seddies7s@simplemachines.org
282,dboswell7t,zD0qJMUow,dfeechum7t@moonfruit.com
283,rsparhawk7u,ZDBff133YQy,hscarce7u@privacy.gov.au
284,dchaudret7v,Jq3bVW56l,mmckissack7v@answers.com
285,tstickel7w,IPGeDzEh,charradence7w@ifeng.com
286,pwotherspoon7x,OvIdpeLev,calkins7x@xrea.com
287,jaustins7y,HLT8hbRsohWx,pliepins7y@moonfruit.com
288,pkilpin7z,2glfmGDVk5rd,rtumelty7z@umich.edu
289,cdekeyser80,MSNIbk,espreull80@surveymonkey.com
290,zsoper81,ViGsEolZ,bgiral81@globo.com
291,kbarrell82,MpmjHkRmVFbv,nblaszczak82@timesonline.co.uk
292,espaven83,sY1kmn,ssains83@xrea.com
293,lperrycost84,GoNoLLAWI8K,tmoxham84@ox.ac.uk
294,ksymones85,N0dZajFJw,jlamacraft85@trellian.com
295,dmcguffie86,ugzo4TKn,mmedlar86@ask.com
296,lricks87,HWmltzyJ,bmacririe87@howstuffworks.com
297,bfrane88,Ujmyfht,afoort88@linkedin.com
298,ycausby89,bPs8tpGEr,egregolin89@gravatar.com
299,egoldsack8a,ddHJchDunUl,lbryenton8a@nps.gov
300,ctidbald8b,s5blaKOH,arosenkranc8b@google.com
301,akinkead8c,WiOFVX6XJ,bfairlamb8c@msn.com
302,jenstone8d,uAJYzK3b0V,zhowsin8d@seattletimes.com
303,nsweetland8e,TjhESLh,tnunan8e@time.com
304,mtripon8f,4P0Iv19iAF8,jhouseman8f@biblegateway.com
305,aoruane8g,FZDZ20l,rlalonde8g@gov.uk
306,sbaalham8h,brTlDp7,smourton8h@diigo.com
307,otree8i,kGcj8kBmim2C,rclampin8i@gmpg.org
308,afawcett8j,qi0oZpSJZYsN,mlinebarger8j@omniture.com
309,ckermode8k,6LolShbcYg0V,nfeaviour8k@weebly.com
310,jatwell8l,caBlTqaeQEC,klidgate8l@psu.edu
311,dheild8m,nmUbfqzn,lfabbro8m@biblegateway.com
312,fhambers8n,mzmNLHWL,aellice8n@soundcloud.com
313,tmcginnell8o,QcVO3jbreXo,wbrayford8o@unc.edu
314,baslin8p,im369y4jiBGo,claughton8p@linkedin.com
315,wsaylor8q,fOanSNzV7f,kpettis8q@ox.ac.uk
316,kshapcott8r,6YZYSJYEk,iogriffin8r@cocolog-nifty.com
317,cepsley8s,04CUeMbjn,ljunkinson8s@360.cn
318,echesshyre8t,7gYxYF,smillwater8t@barnesandnoble.com
319,dmanns8u,L722ST,csherrott8u@4shared.com
320,tquayle8v,u5Op2gZMC,pwhooley8v@samsung.com
321,wivantyev8w,OLMDfmo3Y,iprigmore8w@jigsy.com
322,hmacredmond8x,iA2QY5r9,dcurtayne8x@rediff.com
323,talexandrescu8y,fdMbye,babels8y@unesco.org
324,wbriton8z,0lVnPjb37zSV,hcicero8z@live.com
325,zbracegirdle90,j9me060m0xBb,dabelevitz90@clickbank.net
326,eferrieres91,kurtg2q2b,bdahlborg91@mail.ru
327,lsandeman92,LYX50oO4Xr,kflitcroft92@cocolog-nifty.com
328,sheinsius93,3X75om,kjarret93@cloudflare.com
329,hbourges94,re1c7yZ9M6o2,lselkirk94@jigsy.com
330,arennix95,d5rv4Q5IixZd,ocastletine95@google.com.au
331,dlimb96,x4ZBoDSEmd,bream96@4shared.com
332,rcozzi97,NxeHmA,ynorgate97@flavors.me
333,ewaszczyk98,aK8cSuegWN,schamney98@army.mil
334,ashouler99,CU28TPOjSd,ssymes99@ocn.ne.jp
335,hslyman9a,4qL4kVv,oduerden9a@usda.gov
336,mbrookwood9b,dRKCdZ,hdyos9b@google.cn
337,lvanyutin9c,dQlihIWm0,awiddowson9c@deliciousdays.com
338,lclay9d,w1FckQ0M,klanfer9d@bbb.org
339,jscanderet9e,grG9VySN4zbG,nmerill9e@google.de
340,tmacphaden9f,83KhrJh,jmerrell9f@alexa.com
341,utiller9g,IS82XA,mdanis9g@google.it
342,lpedrol9h,fLWRatR,rscallan9h@newsvine.com
343,sbrandenberg9i,5ZEyEm4dD,abransdon9i@linkedin.com
344,mgonzalez9j,BPhbOFst5v,ableackley9j@mysql.com
345,tmacgillivray9k,6ES1qKe,gcapner9k@gmpg.org
346,rmansel9l,t70xeT9u9Npl,wmaccoveney9l@ox.ac.uk
347,rcoope9m,2XHBBQGBA69,rcranshaw9m@examiner.com
348,wcropp9n,egp8SV,bfrancklyn9n@ehow.com
349,bpeert9o,hdlAopXKJzXn,cbehnke9o@people.com.cn
350,mgotling9p,p9D3IH3YT5Dt,bgrayland9p@i2i.jp
351,tgrady9q,V753KE6kySu6,dsamuel9q@yolasite.com
352,bandroli9r,tujocnKKjt,hferreli9r@slashdot.org
353,ehawksby9s,TtjQPf,pmargery9s@drupal.org
354,bnouch9t,NugSOu4QSP,apagel9t@webeden.co.uk
355,sgurton9u,9p4EfmC,edimelow9u@imageshack.us
356,cbremmell9v,gpcxMNXyXP,espeachley9v@google.nl
357,gkemball9w,0BooB2Qsss,bgerin9w@liveinternet.ru
358,bfakes9x,x0Gqxae,mstallwood9x@wikimedia.org
359,cvaz9y,Yrk3SN7e,nwilds9y@soundcloud.com
360,ashank9z,HW3vEP426TM,gbownde9z@google.com.au
361,npavlataa0,pLoTVg,aroskellya0@ft.com
362,dwixa1,oqTRdZ,mmaypowdera1@google.co.uk
363,ywawera2,OE7JsfU,wkollasa2@1und1.de
364,granniea3,5mclSJa6p,tbetteswortha3@guardian.co.uk
365,ltreadgeara4,FvlmVXxyO,cstickforda4@mashable.com
366,msponga5,SmtFoTk3Xd,mhallgartha5@prlog.org
367,ggadneya6,hPkqH9Xpk,alaurancea6@flickr.com
368,nhucketta7,f5g6tddM,dnornablea7@ibm.com
369,mpickerilla8,9fBK73UjxrX,ehoffmana8@yahoo.com
370,hhopkynsa9,8Z7RUJacSmJ,troundinga9@naver.com
371,ahannaaa,8RxWGlS,jouthwaiteaa@pagesperso-orange.fr
372,jbirdwhistellab,sO8dtYGm,evolettab@arizona.edu
373,mbreckenac,JbVu1UtEd,bsammutac@geocities.jp
374,neskrietad,gX8mv9x,kwaghornad@redcross.org
375,ftownbyae,wbTuZPK5,hstrawae@amazonaws.com
376,lmckimmeyaf,mq4j2Dgec,tbacchusaf@state.gov
377,agorvinag,AcXgf8jW,rdeelayag@chron.com
378,ejakobssonah,x9QLJ69TWn8h,cansteysah@istockphoto.com
379,jroebyai,7SEbs6Y2jU,iambroziakai@jimdo.com
380,hdullaghanaj,NWiLMQjOB,tkortingaj@nbcnews.com
381,ldasak,l25JN2B5,rwartonak@wsj.com
382,cashenhurstal,ZYMhsC,lblackieal@reverbnation.com
383,gallsopam,3vOY2WisU8dT,cmarkhamam@wisc.edu
384,lfarnellan,1lrwZsERjNE,agartlandan@tuttocitta.it
385,jverrillao,mLKR9scs4,cabbatucciao@tumblr.com
386,gegliseap,bZxJLTL,ccaddockap@stanford.edu
387,aadamssonaq,FU47WKfmD,bscarsbrickaq@washington.edu
388,rroddaar,7Y3UGU,npurkinsar@arstechnica.com
389,sarmytageas,JcCxKZxPWL4,xstonnellas@irs.gov
390,ccobsonat,9LuqWpZ,amacpaikat@auda.org.au
391,hderrettau,y8SGX2zmdu,mrubbensau@reference.com
392,sliggensav,EpMokCr,agouchav@yandex.ru
393,omollettaw,HqhTp8,playusaw@flavors.me
394,aelkingtonax,w4H6bgm1Dd,rtsarovicax@zdnet.com
395,jsporeay,TPu0bw,aoddboyay@bizjournals.com
396,egaitheraz,bf7VQUdNsRP,tsilmanaz@unblog.fr
397,mlandyb0,j6ycsH3Gv,clezemoreb0@vkontakte.ru
398,ltidswellb1,hzJbeFIrd,jeskriggb1@cpanel.net
399,sdunmoreb2,jgRcWfUita,fworvillb2@goodreads.com
400,tdannettb3,8eMIikttqaL8,gjaquemeb3@trellian.com
401,mprinnettb4,kVPHF2Oi3,ebrimicombeb4@tumblr.com
402,scaddellb5,LJRTmARrZ,lbalkeb5@freewebs.com
403,kovittsb6,reeJTdZNr,jklimschb6@studiopress.com
404,ehammermanb7,LXK0lH4eBm,gassadb7@examiner.com
405,lpignonb8,c8tIa9,gplomb8@homestead.com
406,zgriggb9,9bjLuLb,bmcbrideb9@pagesperso-orange.fr
407,mhickinba,PWW4QjdlS,adorricottba@1688.com
408,ivenardbb,RzDx75no,mshewrybb@wsj.com
409,cperullibc,87MXNAl8LUep,nmacquirebc@instagram.com
410,jdynebd,v20xREYk5iK,jmilstedbd@topsy.com
411,gfiddimanbe,Gw0WuyPUm,dgerreybe@theglobeandmail.com
412,ahambletonbf,kgJkzuEW,tdoddsbf@squidoo.com
413,sscolabg,WnnUYQvJ,aaldingtonbg@nymag.com
414,mmountainbh,8nXgmxERnX,jbydawaybh@cnbc.com
415,saguirrezabalbi,xYoFm75T,tcastelynbi@seesaa.net
416,cmaypolebj,J8FluHN,frawlinsbj@imageshack.us
417,ltwidellbk,lXQOQ55limnZ,cteasdalemarkiebk@goodreads.com
418,mlambrookbl,ds0V7bu,mdavallbl@cnet.com
419,dciabatteribm,xmFn9AaJ,hsierbm@tinyurl.com
420,knylandbn,a7HsaBKsj,rroofbn@usgs.gov
421,cyepiskopovbo,jGU3VrTMi2y4,pgoldisbo@wordpress.com
422,yjolliffebp,X2Akt1Ok,lwhettletonbp@drupal.org
423,atwizellbq,xUCdDeopDQu,odreghornbq@salon.com
424,rlemmbr,Q0FDJyG,fdavidofbr@squidoo.com
425,zlewsonbs,vRcn5h3c9,rnisiusbs@npr.org
426,pellwellbt,Pz123AA8gGyI,sneichobt@over-blog.com
427,atatebu,w040gRdFufxc,bfrissellbu@rediff.com
428,bjanauschekbv,AgH1cds,escougalbv@unicef.org
429,ghackettbw,MsJ3Nc9,rgonetbw@sun.com
430,abrockwellbx,RIBFBn7rjVH,pcolebrookbx@sakura.ne.jp
431,tdarterby,bftbZQ9Z,jclamptonby@prweb.com
432,ppoleykettbz,i0lvlO,ascawtonbz@hubpages.com
433,gsiviterc0,eMvVlfcr,qplanc0@economist.com
434,agartsidec1,hXkLEls,cdruryc1@blog.com
435,jkennac2,YaqxgLWLFHi,kwadlyc2@about.me
436,bmarsdenc3,gTJATDf5W,myeatmanc3@devhub.com
437,pmelbournec4,i7ZW9yw2wb,ntuddallc4@bloglovin.com
438,esetonc5,28h2fQgAw,bhorningc5@icq.com
439,rblampyc6,R5rcxWBDW8x,klympeniec6@google.it
440,cneilsonc7,8NiEiBxI,lbertelmotc7@alexa.com
441,cperelloc8,QzN4auD,nlambornec8@google.co.uk
442,ncollingworthc9,bqcyYMKgtX,ccallcottc9@amazonaws.com
443,atebbca,p0Fl5KY5,mpottberryca@mit.edu
444,escottingcb,MbmiRgOrMrG,lblightcb@abc.net.au
445,bdowsettcc,SrB0cWqUqQ,gburgotcc@cnbc.com
446,cflanaghancd,VLeYkaveIJa,jcardocd@bandcamp.com
447,cmckimmce,CaTlBOW,fdaoutce@biglobe.ne.jp
448,sbatmancf,USB7zuqyYp7s,sbeanecf@g.co
449,daichesoncg,puZSxoLoA75W,blemarquandcg@qq.com
450,preveleych,aUf0LxiQ2,tkintzelch@rakuten.co.jp
451,vbuscherci,nbl6om70I,pgallenci@fc2.com
452,cmaystoncj,fESF430v,geriecj@intel.com
453,gpegdenck,6Ga5yVQHqy9,gmorfellck@hexun.com
454,nflewancl,BkwkTFF,dbarnhillcl@cnn.com
455,stollowcm,WFf6OI,scuthbertcm@globo.com
456,bpurcercn,hXenPWJXB0,sbroggellicn@51.la
457,cnoarco,EUvl6uW9LwC,hlapwoodco@liveinternet.ru
458,ndalzielcp,pTEDk37oYA,etorelcp@ehow.com
459,apennamancq,PG0J3i7mdG,mwalkeycq@angelfire.com
460,fmartschikcr,4MS8VQ,sdiprosecr@usa.gov
461,fstollecs,4mAgRKxqHm,jcoathupcs@europa.eu
462,clynaghct,vq1eUy4W,mskillingtonct@guardian.co.uk
463,kkasparskicu,v5cBtFl2YP8d,agreenheadcu@mashable.com
464,tvasincv,ezUa9DBGMM,vvenesscv@typepad.com
465,mstetsoncw,L70IvXy721,achinacw@wordpress.com
466,mdymickcx,nWwAGyVmF,mguilloudcx@craigslist.org
467,rhaguecy,A7EplgR,nwasteneycy@twitter.com
468,pguidinicz,zeud436dLDqc,awhitseycz@biglobe.ne.jp
469,fpashend0,7evebOTcj,cleemand0@alexa.com
470,jriddichd1,Te2DDjSCMyNG,tboothjarvisd1@yolasite.com
471,rarchdeckned2,AkawxlUhALmc,hskeldond2@trellian.com
472,ajansed3,YmhGDr,chaineyd3@cbc.ca
473,wjaimed4,LCmFe6vhSKs0,sskelingtond4@wikipedia.org
474,taldousd5,d3I6BV6y8g,wmccartneyd5@npr.org
475,aspearesd6,gGuvPG,mbaybuttd6@wired.com
476,mpluckd7,bUpiZuval,gniblod7@clickbank.net
477,semettd8,zZFdlcshhSp,fcorlessd8@gnu.org
478,bstuchburyd9,ZoUJtgD0e5,lbiddissd9@flickr.com
479,mashwoodda,TxfCESbBhYBg,sfobidgeda@acquirethisname.com
480,mrattrydb,4AqPG8HRnkW,pjolliffedb@indiegogo.com
481,rtotterdelldc,3ebs4TBqPE,rbriddockdc@upenn.edu
482,bwoolattdd,YvocJL3RX1co,jspittlesdd@rambler.ru
483,ehaseldende,42Oo51qRc,pgrannellde@latimes.com
484,efransemaidf,V5csFt,ldaybornedf@cdc.gov
485,spiensdg,bwap1F,lbernardinellidg@deviantart.com
486,lstodddh,ff49nG,tmunceydh@infoseek.co.jp
487,dmattiatodi,e1ylpeLDRSoM,dkinglakedi@friendfeed.com
488,ifechniedj,5fOK5Dz1i,jstudartdj@digg.com
489,geliassondk,6zTQ3mXMcR,dcasarinidk@amazon.co.uk
490,lwhillockdl,SHT7KfeSiI,tstrotonedl@weibo.com
491,morreddm,Ljht4tu,tnorthridgedm@sina.com.cn
492,tblincowedn,Mj26rKfinAT,jearsmandn@kickstarter.com
493,cpeachdo,VAGfvm,kpernelldo@hubpages.com
494,adominichettidp,sDHfiJQShmR,gdaiddp@oracle.com
495,clattindq,RBP1r0stF,fboostdq@mapquest.com
496,mmclurgdr,znhGAqSquV,tpopescudr@php.net
497,cmonelleds,HK29Z9w3IyBd,ntasselds@amazon.co.jp
498,sfliegdt,vUpk2KAzKIMc,hschubbertdt@paypal.com
499,ekolodziejdu,gklxkEH,barbordu@bizjournals.com
500,mgingeldv,c3AazH,bedelerdv@timesonline.co.uk
501,lmcfetridgedw,MHdarDffq,njanodetdw@tmall.com
502,mrendalldx,8mR0lBIE,mlateydx@free.fr
503,ahugedy,TS39BBvrRNv,ckeoghdy@craigslist.org
504,qtythertondz,ABJfN5,bwaldendz@auda.org.au
505,bwohlere0,OYBbw4gpY9,scharrissone0@printfriendly.com
506,oburreee1,44hJpaee8W8i,jfallene1@wisc.edu
507,epardoee2,88TQgan64QTE,cpoizere2@epa.gov
508,sgodone3,QNFUvNDUoW,kchildrene3@cnn.com
509,gpockeye4,Tz5LZdjGmf3,jkyttere4@google.co.jp
510,astarsmearee5,S65zI7,nstoddarde5@squarespace.com
511,gdungatee6,vz02f5Jn8h,ngrande6@statcounter.com
512,eaddiee7,m5YgszozlX,wparelle7@yellowpages.com
513,cglencroschee8,kZq711ZbKsuC,zpostancee8@dmoz.org
514,rtregiddoe9,o659bF5,dmullanye9@vistaprint.com
515,btippertonea,xocsVtAi,mmackroea@hostgator.com
516,gpepperilleb,s4oLVPT,ascuddereb@multiply.com
517,tkleanthousec,fhvZkKqnN8,mskellingtonec@hostgator.com
518,hsainesed,XJTGLA4w,ccalderheaded@trellian.com
519,wfengeee,7N3SsF7,hcawtheraee@upenn.edu
520,acuppittef,PWaORUtG,cgobyef@upenn.edu
521,gmatuschekeg,bmC2l7pm,ehuxtereg@tmall.com
522,grallinshaweh,H29omGZGv,aeasdoneh@berkeley.edu
523,hjorczykei,JITRs61o,rwattishamei@redcross.org
524,ichisnallej,IG7WsYgEPZa,mheinshej@yellowbook.com
525,seliescoek,BsdTGFojU,otipladyek@spiegel.de
526,mfillerel,flzvJH,umacdearmontel@ameblo.jp
527,cwestmancoatem,kMgVzDNuY,vtobinem@1688.com
528,rguionen,bHlceAdu5MT,bgeelanen@bbb.org
529,ahargreaveseo,T8gjnh,jatkinsoneo@opera.com
530,wjurischep,PgOkCB6GD,esealeep@indiatimes.com
531,mdanilcheveq,0nf4ubjDj,stessymaneq@themeforest.net
532,knoreer,sQYoAn,pwakleyer@seattletimes.com
533,aletcheres,29hWxVm,rmorganes@storify.com
534,gmanchettet,pEtuJqXy0l,fhicklingbottomet@163.com
535,graimenteu,zQronoJ66,cdjurdjeviceu@adobe.com
536,aakedev,MxED57w,icavoliniev@ca.gov
537,bscaleraew,b9dEEO8ULmS,gpullanew@un.org
538,lcantuex,mxkTZ4npuX,gbeswetherickex@walmart.com
539,msheachey,Hb353eTXnLV,ostourtoney@yahoo.com
540,mharsantez,CitZgQM,glundez@facebook.com
541,fchelsomf0,nAgnV7pSp,acastelluzzif0@mit.edu
542,gsouthernsf1,WiSGe4HRApu,rdummiganf1@samsung.com
543,nbulstrodef2,eaOw3xkw8,adickingsf2@examiner.com
544,ghoveef3,NfMReBFg1,mhancillf3@over-blog.com
545,dcrumlyf4,vLnbQZ6,jsperskif4@miibeian.gov.cn
546,ldanforthf5,ExHYviPiCTMB,sniecef5@google.com
547,cpedrof6,c3LFwxUF,rderechterf6@ycombinator.com
548,omatthewesf7,BR1Wnhtoh,gdoakf7@theatlantic.com
549,hboytonf8,8Cm2pQZ,deveralf8@google.it
550,khundellf9,Mu7VwbMh,llunaf9@barnesandnoble.com
551,dfrearsonfa,2Eoq7HSts7Xk,gocarrolfa@washingtonpost.com
552,nhathawayfb,xHH2aa,nbellamyfb@diigo.com
553,rwithullfc,U3Lms8x,acarseyfc@ameblo.jp
554,ahartnellfd,a2iOjygLPAT,vmcgaviganfd@rambler.ru
555,adaltreyfe,RoPRPefdqT0U,coheneryfe@accuweather.com
556,celvinsff,4ve9hW,ggotthardsfff@rediff.com
557,lcosterfg,QkMbo9Pk8y,hfisbyfg@blinklist.com
558,cmaseresfh,NYspPluUG,tvanderspohrfh@ifeng.com
559,csoanesfi,xCNJEs84L,tlukesfi@stumbleupon.com
560,kbarstockfj,lEPpmgZ,tbenedickfj@irs.gov
561,fsketcherfk,PfDW29s0Nux,schamneyfk@livejournal.com
562,kmcwhanfl,G8vlDDep,daishfl@craigslist.org
563,ekingfm,DjnGNdib1y,abaylesfm@nih.gov
564,thukinsfn,PWEXYSOa,omuressfn@addtoany.com
565,ehamlettfo,s2GjYz,cmaccaheefo@nps.gov
566,cangearfp,HiGQBSGyF75K,lguthriefp@omniture.com
567,mferrieresfq,qew2LILK8sJg,ebudgenfq@redcross.org
568,bjahnigfr,n88lGO,rhabbenfr@un.org
569,pescofierfs,Q2U3pOo,tlouchefs@google.pl
570,rpursegloveft,wsHFMnMXO,fbiasioft@state.tx.us
571,tgeekinfu,bAi10d,dgammiefu@usda.gov
572,ccorthesfv,zZFDtr,tegginsfv@gmpg.org
573,mtockellfw,JTD1JJnkQ,fstoitefw@nba.com
574,forromfx,QCQRG9Cv,csinesfx@alexa.com
575,mskepfy,qy2byTpOj6,nfoggartyfy@irs.gov
576,igladwishfz,OpncvZ4in,mhelmkefz@globo.com
577,ntraslerg0,n8uBRYHxL7,wastieg0@mit.edu
578,achurchlowg1,JWk6AGuKxp,kjorezg1@hibu.com
579,jdewersong2,AKwrvvo7,tcoeyg2@yandex.ru
580,fgarrickg3,jOeaekYf45,gseversg3@issuu.com
581,riacomig4,srcbMvu9,sconeybeareg4@nbcnews.com
582,cleveringtong5,jreb51,tlanfranconig5@goodreads.com
583,njeannequing6,A0F5AUh,seisigg6@parallels.com
584,mletherburyg7,baqtrjwG,dstoreyg7@chronoengine.com
585,jbevarg8,uGi24o,ebelchampg8@businessweek.com
586,caddersong9,mjd8p5n,btredwellg9@fotki.com
587,lcawstonga,b1WY4fSd,lfigurega@weather.com
588,genterlegb,pkjrtcTq1tb,apischelgb@nymag.com
589,mdomenguegc,gAq2TLNOWGk2,mpoytresgc@cargocollective.com
590,lodonegangd,pH9cpm,obohlsengd@nifty.com
591,bhawleyge,lBObWrb,kselveyge@springer.com
592,ajoriotgf,PDF2PB632inl,jbondygf@google.cn
593,ofrankiewiczgg,OTEKAhh,mtubbsgg@discuz.net
594,fcalbreathgh,ngi4FvK0,mgockelergh@utexas.edu
595,ahugillgi,mlTRm40q,dcastaignetgi@epa.gov
596,gpatifieldgj,p9eIG5,mdancergj@reddit.com
597,mlermouthgk,xZIeRf74zT,bskelliongk@gmpg.org
598,jmcgraithgl,WyBvqmYE,acraingl@privacy.gov.au
599,mhaackgm,6L1pNSy0S,elacegm@dedecms.com
600,dcluttongn,8a9jcch11w,mhamegn@example.com
601,whaversumgo,bhaBv2znQ66B,awinesgo@mysql.com
602,rtuffreygp,HAcyLWF,ddoramgp@paypal.com
603,mgaskillgq,ujqLTUx,akiralygq@sphinn.com
604,ediamondgr,jfDRKpZtbS,lmabbettgr@tumblr.com
605,alergangs,5c42FiJZEud,ddumbreckgs@canalblog.com
606,rlattiegt,txAr6gknOzb,hmilangt@hao123.com
607,sgreenmangu,khdddHtCfO,jsimcockgu@angelfire.com
608,aclimiegv,9Wp6Q1i6BF,efahertygv@whitehouse.gov
609,lponcefordgw,tOZhE3ls8t,mrodnightgw@reddit.com
610,rbritnergx,8FZRS58Iz0S,glegricegx@constantcontact.com
611,ttallowingy,Xd6T5dW,gmebsgy@godaddy.com
612,eshellardgz,A38QRlr,umeesgz@unesco.org
613,gvertyh0,27rWvutzN,ckobpach0@tripadvisor.com
614,cthackrayh1,4lhnUyIcsl2,rtreesh1@hostgator.com
615,jorfordh2,28uheoz4WGF,eondracekh2@mashable.com
616,acharlewoodh3,jKjeAWoWRTwF,hajamh3@howstuffworks.com
617,gyushankinh4,O3sFZ3Pc9nwz,mhackeyh4@tamu.edu
618,qdorricotth5,TD4NKpgM4,cgoodsallh5@weather.com
619,gsnaryh6,3LIC3Xmyb,bleyninyeh6@mozilla.org
620,dspinckeh7,Azeia18,lchestnutth7@time.com
621,fmohammedh8,VWUTZxIkAo,gocheltreeh8@theglobeandmail.com
622,cburhouseh9,5hUxS4SWvK,ngatesmanh9@yahoo.com
623,bhalburtonha,xmtQwsk,toxtonha@admin.ch
624,bshwalbehb,hzrnCct,sdayehb@seattletimes.com
625,aparkeyhc,1uYS2r0Fh4J,cmccrackemhc@plala.or.jp
626,mwicketthd,9iepPosi,cpurdiehd@odnoklassniki.ru
627,erantoulhe,KMRKUhxi0,iareleshe@opensource.org
628,graselleshf,D2RUU54m,rlowinhf@hubpages.com
629,kritzmanhg,mM6F3CS8G,lcurnokkhg@ihg.com
630,rsymsonhh,hRbkhGLf,sfranceschh@cbc.ca
631,gbeekenhi,ZJPn3XTI1,ipenfoldhi@eventbrite.com
632,ukampshellhj,Ni0Ehtby,lraffonhj@bluehost.com
633,vchastanhk,0BiDdMJFBr,aharveyhk@blogs.com
634,candrehl,bdTxT0r,hmendenhallhl@marriott.com
635,lworssamhm,8TXWhvsLE,slinwoodhm@amazon.co.jp
636,gakitthn,nM8bHlFmI,amcclounanhn@typepad.com
637,rspeerho,RUK5venGEIL,fmecoho@ning.com
638,dpauhp,IHZ6dJdcOF,lbarouxhp@wp.com
639,mdevenniehq,b3j50uNp,ehaneyhq@tripadvisor.com
640,sboalhr,D0QTfoz2LoGT,jwildhr@ibm.com
641,mwestmancoaths,kqmrfMvtoKH,hdavershs@bandcamp.com
642,jdevineht,YMmnh4H,skershowht@shop-pro.jp
643,pwartershu,FsjZHSnrmSOI,rcapinihu@newyorker.com
644,hspeechleyhv,OTSOzFI,amaiorhv@geocities.jp
645,tdengehw,WR9MdeOdm,wbagleyhw@intel.com
646,nflowitthx,CCmtDUYc,hclewleyhx@xrea.com
647,siacofohy,6Z8k8GStn,mmechanhy@nytimes.com
648,mstickleyhz,PTZHaM,kgametthz@yandex.ru
649,atumeltyi0,yv5MWIn8SJ,anaughtoni0@booking.com
650,ldigglesi1,nWSDkrgW,lliffi1@slashdot.org
651,aburnyeati2,6VEAU3U,pthaini2@deliciousdays.com
652,mhalfordi3,LlpFN1,snorcliffi3@trellian.com
653,lbreewoodi4,2P7r28,sjakuboviczi4@ft.com
654,jdreelani5,K798hTOp6,kblunti5@answers.com
655,rreviei6,6QTBBzbE0zf4,gtuffeyi6@cpanel.net
656,adefilippisi7,11ty2aTcr6,abaggarleyi7@stumbleupon.com
657,jkitchingmani8,bTnebU32Em,mfarloei8@ted.com
658,agecki9,qg4U0Y,rdelabarrei9@mac.com
659,sfeavyouria,pP9CFKPk7,gandresia@squidoo.com
660,mdunsleveib,iYwGkTwkt5Z,csawtellib@npr.org
661,nwatkinsic,JyJMJ4fRD7w,abertenshawic@msn.com
662,njessenid,xCvbUb67hLHJ,mguntherid@google.cn
663,bfryeie,wsMs9hPOuOtb,bgillimghamie@nba.com
664,hnorthcottif,GwU8SUGZ8ghh,ocampbellif@cam.ac.uk
665,mfeastig,3Ul7WI9O,psmullinig@reverbnation.com
666,mdobinsonih,1Tl3Xafb,yshillittoih@google.de
667,fpetytii,JJYElDsC,cheggii@weibo.com
668,mnairnij,oBOVieK5q,mtubbij@reuters.com
669,ojessopik,oqVx2wDSUgz,atownesik@amazonaws.com
670,disetonil,DrhTUMs,vschaferil@exblog.jp
671,mbortolomeiim,xN0Y7TB,mshackellim@ask.com
672,gyurivtsevin,OcJfD39RPaM,cmusselwhitein@loc.gov
673,fdwellingio,d6KwjtD,chathornio@answers.com
674,fstickfordip,JEaeCGsUX,lblayneyip@about.me
675,aeltuneiq,zhlo6XqAg,kwillsheariq@sitemeter.com
676,ntornsir,be3LST1iAx,ablackledgeir@cyberchimps.com
677,flinehamis,uL8CKsQHZ,nkeunemannis@nytimes.com
678,njamesit,iezF1WsVqBT,ashobrookit@yelp.com
679,mlavingtoniu,8Tz4Qj98tkjH,htayspelliu@cnbc.com
680,bcopestickiv,mrmu8lvULM8,wbeethamiv@cpanel.net
681,fbricklebankiw,zAQwZoF1,kstolleniw@shop-pro.jp
682,rklemkeix,VTWcc8,kwimbridgeix@army.mil
683,kcoalesiy,mD2vkd,jfarrariy@reddit.com
684,edumphryiz,LwSWCl,jfrancomiz@facebook.com
685,pmidgleyj0,3mdzIJN,mwickliffej0@google.ca
686,srolfoj1,wil4DxW,hcathelj1@sphinn.com
687,edalgarnoj2,Yn7JsB,alindroosj2@elegantthemes.com
688,pkleisj3,wAuI7N,wspurretj3@telegraph.co.uk
689,qfewtrellj4,S65WeWaf,jmariej4@cloudflare.com
690,gmacgregorj5,0lHfYJl4SOU,nmcgeaghj5@soundcloud.com
691,bvanveldenj6,gSYttCVt5,lrawstronj6@java.com
692,sendricij7,f5vk66KJLlRG,twycliffj7@unesco.org
693,amarkovaj8,njsr0HXBLEj,tengallj8@ed.gov
694,rwrethamj9,ynhMQenEwmfa,ssaltsbergerj9@ucoz.ru
695,rolczykja,zYSOQ3,csibbaldja@si.edu
696,crobichonjb,5nMc3Pi,aluquetjb@tripod.com
697,dlossmanjc,HcrLpz,dpharojc@wikispaces.com
698,nlunckjd,4Cqj6y,elinwoodjd@accuweather.com
699,ealbroje,akGQL0nqi,clickorishje@cafepress.com
700,ibrickhilljf,G3FzdU1oM4dr,lkingsnodjf@gov.uk
701,mghestjg,KotGjQx,eurreyjg@4shared.com
702,rcasadojh,BTS9wH,handrichakjh@hibu.com
703,crainardji,WgCfDdGE0ih,bcrehanji@icio.us
704,fdiwelljj,z2mCeQTGFYg,gleideckerjj@over-blog.com
705,zwakelamjk,jGSpgV,lbillettjk@hao123.com
706,mchilcottjl,VSjs0jG9DzL,lmackneisjl@chronoengine.com
707,dgreensalljm,0H16y5esdLO,amunganejm@guardian.co.uk
708,rsheplandjn,ZWUkdmlg687,rtopjn@issuu.com
709,acrottaghjo,7JwbpvM4,pleacyjo@bluehost.com
710,cstoylejp,FgbXoR8j,hkainejp@trellian.com
711,jnellisjq,RhcALNd,wtabnerjq@guardian.co.uk
712,bstonmanjr,BbZwcZlyGTYn,jseniourjr@huffingtonpost.com
713,amccauleyjs,jjKlMVhIHR,csimonatojs@1und1.de
714,esmalcombejt,qlfN7QkVUegB,kkilvingtonjt@godaddy.com
715,bberriballju,slTdQsPoK8iJ,kdawesju@mysql.com
716,esimonettjv,kMuX6Bb,ttizzardjv@wsj.com
717,rsighartjw,vh1IaF,cbaskeyfieldjw@symantec.com
718,ssutliffjx,FgvG62v7,tchalkjx@freewebs.com
719,bbathamjy,sd8YmhWa0hl,dpopejy@constantcontact.com
720,bkeuntjejz,Q3W3rb,ogroomebridgejz@dagondesign.com
721,ythomk0,3pOvMQzZQR2,mwitzk0@pinterest.com
722,cwigmorek1,SXkK7Y,ddumberrillk1@weibo.com
723,nsedcolek2,gxWwbos,lblosek2@cdc.gov
724,lhacardk3,UdNPakyYQ,mpuckettk3@miitbeian.gov.cn
725,dpattillok4,lTb6UR8W7,ssimenelk4@studiopress.com
726,nwherritk5,9BzMeGYzDSCI,svasilick5@wp.com
727,cjordenk6,cIiJdl,aleversonk6@privacy.gov.au
728,rcarnk7,xrIlbxz,abartalotk7@cnet.com
729,dpallek8,QmzdHf6uuTn,mhamblynk8@ustream.tv
730,hsewallk9,1OQJ7NIWcZ,hquennellk9@salon.com
731,msallengerka,u3gw4JCSO,msreenanka@stumbleupon.com
732,mfardokb,GMe8Q9600,proubaykb@woothemes.com
733,phurnkc,5eNuRyqFj,lmacgarveykc@comcast.net
734,ffontekd,9QPdaOZ,fhallgarthkd@ocn.ne.jp
735,dtitcombke,5WHPL6,bpadwickke@google.ru
736,twestwoodkf,hXsy3rBF6Yk,ltampenkf@rakuten.co.jp
737,sscarrekg,JHMOSFc019Y,dfrankiewiczkg@boston.com
738,mgioriokh,uPX1bN1,iduckfieldkh@ucsd.edu
739,ymineski,q1A770,bventuroliki@exblog.jp
740,cdesvigneskj,17Pt9Hp,ecurrallkj@geocities.jp
741,hscotchbourougekk,J1fFCIODPP,bmcnameekk@sbwire.com
742,sdrysdellkl,rQ46gnu0,dscardifeildkl@jimdo.com
743,ppassinghamkm,ZeIcvX,mgovinlockkm@uol.com.br
744,kgrafhamkn,vwbpx3LPX,emadrekn@ovh.net
745,sbalthasarko,3Jn0EGxJY5b,msireyko@istockphoto.com
746,dmccartankp,OODIXmRQERef,tdobbykp@psu.edu
747,abannkq,XQkf45KO5Mo,ngendrickekq@nhs.uk
748,jtomaskovkr,Pkkz5TNs,jlevingskr@angelfire.com
749,mtyersks,6mAFKxSxzg,ckinsellks@prweb.com
750,mdalwoodkt,v1HKlU0Dgni,nogleskt@imageshack.us
751,hgatchku,BDIYxI,kgirlingku@census.gov
752,clondonkv,L9naT2T6d,rgalerkv@psu.edu
753,cmckibbinkw,9WzNSaa,dstarzakerkw@tamu.edu
754,amcquillinkx,ZScvY5l,lcasajuanakx@blinklist.com
755,mruddinky,3UtiXdvLveF,mgeereky@vimeo.com
756,llindellkz,QxyDOoTE,kmyerskz@cdc.gov
757,cnolotl0,k5qUkxj2,cmcdermottrowl0@trellian.com
758,vscuttl1,LKw8tdNHYWf,erosenbushl1@indiegogo.com
759,crowburyl2,zNHonA6,wossultonl2@sina.com.cn
760,atresslerl3,hI818vCeGAPw,dmcilwrickl3@over-blog.com
761,gcoltmanl4,rmMSvPfapBn,gzamboniaril4@smh.com.au
762,glohrensenl5,NUzPyJruMXi,hwoodyearel5@cnbc.com
763,tjzakl6,gWDY4ZM3,cferrillol6@harvard.edu
764,glaybournel7,GZAOAhLwjZXD,sgippl7@apache.org
765,plarventl8,P3QbpH73bu,hrudmanl8@nih.gov
766,ldybaldl9,0Zxyy8wmth,igabriell9@about.com
767,sgobella,kHwg6A6eCPt,nbrighteyla@vinaora.com
768,ivassaylb,7m73fsLt,bflatherlb@google.nl
769,mliddelllc,T4jjKpx3aipo,gdictlc@nifty.com
770,iivashovld,1lhO5Lu,rreillyld@shutterfly.com
771,bkemptonle,kYrLiC5xNV,bstollwerckle@ameblo.jp
772,tmcgreillf,JpJSJGnZs7a,pdesantislf@guardian.co.uk
773,sdreinilg,JEcktPBJC,switherbedlg@vinaora.com
774,clambalh,aBvQJYYgjFfj,lhaylandlh@gnu.org
775,msalergli,6EUa48Jj,fminshawli@tripadvisor.com
776,ahopfnerlj,gLp6vmL,dmacmanuslj@google.co.uk
777,mjanouchlk,IFBXI4lm,wblackburnlk@nydailynews.com
778,ckuhlenll,9kzW40c,dgonll@purevolume.com
779,qgavrielilm,OnP0ffwba57,gcossentinelm@reverbnation.com
780,mwimbridgeln,YIB7jAbuNm7E,mbignallln@reference.com
781,jfoanlo,Y2UN3C5n,bdavioudlo@dailymotion.com
782,amurpheylp,uZxzin4JHD,bkenlinlp@csmonitor.com
783,mgladdinlq,JNYlUxd,cgalbraethlq@topsy.com
784,aquantrilllr,ySqZ5wKsOxPZ,ofernandolr@lycos.com
785,cchinnls,qNESI3E5uVT,sreilingenls@g.co
786,bgetchlt,63pFIhn,tgoldsworthylt@rediff.com
787,sfilipsonlu,TWFjxD,ijakoublu@yahoo.com
788,kfancylv,MQPVyqmyNh,kbellfieldlv@ning.com
789,ocloneylw,mcTBLTrWnoX,igianillilw@dyndns.org
790,xuwinslx,J4UaihcB,wvinicklx@bbc.co.uk
791,edankovly,UviUZ8Ee5V,mpielely@gmpg.org
792,hgolsbylz,zSAJwEKMx,aheweslz@homestead.com
793,jgeraldm0,oQLcTNupU,fmaccreem0@uol.com.br
794,wdebowm1,1DUduhME9nr,mmacgeffenm1@webs.com
795,lwassungm2,FY65ve,smartinezm2@slideshare.net
796,rwankm3,WTZVNsqm,jhodginsm3@whitehouse.gov
797,gfewtrellm4,K1aLq2,gescaleram4@soundcloud.com
798,esweetsurm5,ZD8Y9dtvEHp,obenezeitm5@cnbc.com
799,ghayzerm6,9hsa53w,cmaplem6@bluehost.com
800,kmassonm7,anJDFvmz3,vmercerm7@wp.com
801,mbutlinm8,OIwbtYlI,gbulwardm8@oracle.com
802,tluxonm9,aerhm8ANGE,tbressonm9@weibo.com
803,hveiversma,ai5gn98Gaf2,lgierckma@tripod.com
804,cfermoymb,XZPDVhn30,ebernimb@lycos.com
805,gholahmc,CQ564YbQ,dromagosamc@issuu.com
806,acyplermd,parl1YenO,ecoslittmd@stanford.edu
807,tgainsburyme,UCabkfRDEeK,ooadesme@yahoo.com
808,fmixhelmf,MAiotf0zyG,pclemptonmf@usgs.gov
809,wgenterymg,h20yj37Ro4,achaimmg@sourceforge.net
810,cbellowsmh,2CR7rhu,igullefantmh@sina.com.cn
811,jmoncurmi,WMonK7Z2u,cgeraghtymi@theatlantic.com
812,dpauleymj,ImsucAER2g8D,kchildrenmj@wikipedia.org
813,lharrillmk,WL7ZuqeOTyKl,odelosmk@yahoo.com
814,afellonaml,IR64cGMoMEjt,mkrystekml@cargocollective.com
815,efidgeonmm,O7QxhvGo7V,adunstonmm@slashdot.org
816,itrivettmn,prTIa6ZrGD,mfidoemn@friendfeed.com
817,loheneghanmo,Pl7Y5uCAj,aberrickmo@globo.com
818,mbowtonmp,QqSiom3,tmeredithmp@bloomberg.com
819,kphilimoremq,giegek8Jp9,tvidomq@imageshack.us
820,fcursonsmr,2JcVGxLjm,jnewlandsmr@delicious.com
821,awarnms,H6pXR1YRN9NZ,cmonkleighms@epa.gov
822,abushawaymt,u0jcVc3t,fscarlanmt@google.ru
823,kroizinmu,n2uYD3srj8Lj,mdanilovicmu@booking.com
824,cgarriquemv,xRrepnpPE,jcowlasmv@ftc.gov
825,bgersonmw,CFGFtni,fmingaudmw@360.cn
826,amcguinnessmx,uHFHgAFQH,dpaddellmx@istockphoto.com
827,sbraunlemy,prQVMo,scutteridgemy@fema.gov
828,alongstaffemz,hf2FIlX1,gswabeymz@dailymail.co.uk
829,cdearnalyn0,YTRpawOV,ehadawayn0@ox.ac.uk
830,fparcelln1,E8fWILgZvr,lbanaszkiewiczn1@yelp.com
831,shalsteadn2,MyQHIKA0Jmd,gheathn2@qq.com
832,atyrwhittn3,dcj4fj,fknathn3@list-manage.com
833,kgillingn4,KP3LG4X1z,jreahn4@archive.org
834,hnaldrettn5,A0541VQI6oV,gcolln5@mapy.cz
835,boheynen6,HP3cb0xM,ogarstann6@furl.net
836,cyexleyn7,PNtZdkMuox,smcduffien7@amazon.co.uk
837,kdressen8,89hoK5eId5,smorrishn8@guardian.co.uk
838,gkeningtonn9,s16a8WXN9DxL,egianasin9@cornell.edu
839,hortmannna,8zCcxr,scorradona@ustream.tv
840,pmccheynenb,VHByb8ek4Tq,jiacovuzzinb@twitter.com
841,stitcomnc,hxHP2pN,warnaldnc@wikia.com
842,bgrubend,X8KgGW8jY,mgalifordnd@marketwatch.com
843,iwaleranne,b22z3qzE,cjefferiesne@opensource.org
844,gscousenf,xwQImU,hpoolynf@newsvine.com
845,fpetyakovng,DHlGH9bK1Z,davesqueng@myspace.com
846,bfancuttnh,GDOD0An,rmauntonnh@scribd.com
847,ekrzyzaniakni,ktAZu0XEA,wfeekni@lycos.com
848,iwillingalenj,pq6eM07Q,fiashvilinj@fc2.com
849,dsimysonnk,299xBmN0ra,rvashchenkonk@yahoo.co.jp
850,sbahdenl,i8QzoC37hV,wpybworthnl@google.pl
851,tfieldgatenm,EtMe4B,cprozillonm@abc.net.au
852,jhallawellnn,tk1RTlMBohXd,blilenn@list-manage.com
853,fvogelno,S8yxQ3A39na,ngavinno@un.org
854,efaichnienp,n0qdpmB,ipimblottnp@marketwatch.com
855,geskriggnq,T5fa25d5XTj,tjerromnq@ebay.com
856,ktomblesonnr,qlrgb8A,lvasyuchovnr@unesco.org
857,amarunchakns,hsrE42Ox,tstubbingsns@va.gov
858,rchastonnt,wnRHrKi8bJ,nbleasdillent@hibu.com
859,bgodardnu,PSD4QVkq6,rquailnu@soundcloud.com
860,todohertynv,QLAXsJ3i,dnialnv@twitpic.com
861,wmursellnw,vBPpHIgX7r,jcourceynw@google.co.uk
862,gcanteronx,1eYqLV,mbeaglesnx@netvibes.com
863,kansticeny,RBQjzddVjL,wglosterny@biblegateway.com
864,cbubbnz,Gn8kMAJXT,rjoslinnz@ebay.com
865,atailouro0,nsW7PlFnLa,jonoulaneo0@indiatimes.com
866,jpackingtono1,sDrsW4XARnyP,pdeanesyo1@si.edu
867,hkeatcho2,Z0vJZv2,aruxtono2@engadget.com
868,mmanicomo3,AUB9FV,ealfo3@naver.com
869,bcourto4,sNUa4DgckYK,jgrzegorzewiczo4@imageshack.us
870,cbecheo5,zeSOX50rtVN,ssummertono5@symantec.com
871,ngabitiso6,7ACM6h,acockerillo6@mac.com
872,lgonzalvoo7,dAvQ7X0,mmaciako7@blogger.com
873,shuckstero8,N2tmyp,josichevo8@smugmug.com
874,weastono9,rwQYI9kmV,rshaftoo9@com.com
875,echewoa,U0ulZuXEaico,kspilleroa@state.gov
876,rfarryanob,vqiI6quXdbW,bmernerob@php.net
877,rdoyleoc,ZJr7nU3I,ndowmanoc@wikispaces.com
878,rfulliloveod,5OmMfNZpmQ,jumneyod@zimbio.com
879,apleasanceoe,i7QJw4NLNap,hmaccurleyoe@issuu.com
880,jaulsfordof,wCmyoH9f9,ldumbrillof@usa.gov
881,bscutcheonog,V6nEzARzTi,kedyog@nbcnews.com
882,ghabeshawoh,kkeN5KWR,rfargeoh@dmoz.org
883,fsillitoeoi,K4vd5WTK,oaymeroi@goo.gl
884,jskaseoj,TSiXg4UOWl,bbarkwayoj@miibeian.gov.cn
885,zbaracloughok,skVhrk,dlarcierok@w3.org
886,jcrombieol,75WuZH,jjonkeol@gov.uk
887,gdeekom,4btffrQQ,gvoelkerom@1688.com
888,tpalethorpeon,bSO5tPG0TE,mcroweston@smugmug.com
889,dsousteroo,qo5omV,aoffenoo@merriam-webster.com
890,rguillouop,ndpXQahcr,vpocklingtonop@washingtonpost.com
891,gcurgenueroq,RoW48l,jsweedoq@hugedomains.com
892,eperrinchiefor,8L2a9jwfUQh,onannonior@bluehost.com
893,cgodfrayos,MB7YmR,gpresseros@aboutads.info
894,dpilkintonot,q8qFJaAPv,ehanfordot@howstuffworks.com
895,cbraddou,AGObA2pyMAy,ohedgeou@chron.com
896,gdundendaleov,TGsw4F,tciabatteriov@pen.io
897,mkensonow,kNpBNUSzq,wharridgeow@bbc.co.uk
898,ddufourox,42aRu1ZVqj,dpoggox@nationalgeographic.com
899,trogeronoy,97hIelNEvmoO,dveneuroy@opensource.org
900,adurkinoz,kWOQ5G6,vyukhovoz@issuu.com
901,bsalzbergerp0,4qHm91sRV9,ksaundercockp0@google.nl
902,ieberstp1,ndSZshdE,fantognonip1@github.io
903,aambrogiottip2,gDmhuauTnJ8Z,mbenedttip2@istockphoto.com
904,dayersp3,4FJCD2K,wdrinkhallp3@si.edu
905,sbartalip4,bxda6tuh,msnoxallp4@unc.edu
906,cmcquadep5,XM94OHVuj,makeherstp5@joomla.org
907,dglastonburyp6,vyrgIkyS3,hnansomp6@geocities.jp
908,taldrickp7,S8GKCptju,ccallaghanp7@google.it
909,bwinearp8,yKNVZVfk8fU5,eferrerp8@mayoclinic.com
910,krasmusp9,s3RYpK9,uhessayp9@amazon.com
911,hcapenerpa,fZGaLJu,hbirkheadpa@economist.com
912,nodonoghuepb,dPHNtBPmlY,umccurleypb@si.edu
913,owinckworthpc,FxeIJVG,cmcterlaghpc@ft.com
914,kglazyerpd,J2peRAvB,spreedypd@constantcontact.com
915,bsaffenpe,xcpFPvfQnTJ,umccliffertype@hugedomains.com
916,sfebrepf,pq5NM3,jbirchenheadpf@comsenz.com
917,cbrummittpg,zftslU,lweatherdonpg@hubpages.com
918,mcrichmereph,IJ852tTQoF,jdebooph@upenn.edu
919,ltullpi,q7LFJqkCKyX,jsneathpi@thetimes.co.uk
920,zwinstanleypj,sKcHA4WJXgY,hchiplinpj@nydailynews.com
921,skrochpk,uzJcSWBXq8,rstonefewingspk@theglobeandmail.com
922,acastagnepl,D14f9EKQKeA,mallertonpl@acquirethisname.com
923,aoconnellpm,NWc5rGcXb5Xw,fbouttellpm@dailymotion.com
924,bcestardpn,gaQJZaufI,tclendinningpn@fastcompany.com
925,ahaddackspo,My4PBUkX,bhutchencepo@youtube.com
926,dmcreedypp,pkkrmqYc2GsQ,fdobneypp@dagondesign.com
927,lbloggpq,4jJtYsClqNaV,ajohniganpq@tuttocitta.it
928,rkienzlepr,cExPo9C0G,khartuppr@independent.co.uk
929,ldraayerps,L3tPndMaLIkm,jtempleps@mozilla.com
930,slagneauxpt,aSqJroTih8o0,dsandallpt@bing.com
931,mrohloffpu,EaUPB5h6l,asonnenscheinpu@illinois.edu
932,nclitsomepv,xynybXAM,visetonpv@qq.com
933,sguppypw,w03MnQ8hnK7q,ddudnypw@acquirethisname.com
934,cfaillpx,YLCtRIvb,gsalvidgepx@whitehouse.gov
935,jgrosvenorpy,mmQVXAyzDcW,gwadwellpy@umn.edu
936,gmourbeypz,YE1zK7jP,mmcgeorgepz@redcross.org
937,rdinesq0,j9xmcR9R5hg,roneilq0@cnbc.com
938,dcarnegieq1,Tu4pKvWyhEg,eessamq1@washington.edu
939,cgillionq2,qnKSf1T3L,jkemstonq2@istockphoto.com
940,amoyceq3,2dXz9NP,iblondellq3@thetimes.co.uk
941,gbecarraq4,dcBd2Mg,hlitelq4@yelp.com
942,rrebillardq5,cyTCh4,rwedgeq5@4shared.com
943,ocrosstonq6,guiVhK17L,mmuskettq6@liveinternet.ru
944,knotmanq7,3TDI9hvb1sc,mcicconeq7@gizmodo.com
945,zspittlesq8,IeXCiZKH11dc,jhymanq8@printfriendly.com
946,cmcdavidq9,kaQuljbYt1,dpapeq9@qq.com
947,baronsteinqa,SHa7yCpG,klindenbergqa@mail.ru
948,cybarraqb,moNUhDF,brollingsqb@pcworld.com
949,qstenettqc,0aEkoAicA,rkellartqc@arstechnica.com
950,rduckitqd,ow2nY99Mbc5,mwildqd@slashdot.org
951,gvizeqe,AGKthlI4no,bbartalotqe@alibaba.com
952,kmiddlemissqf,mDtXvqfl8yH7,ngladdishqf@upenn.edu
953,gnosworthyqg,09DRtc,gdalrympleqg@globo.com
954,mgirkeqh,Lu8SelFZWFGI,bwasselinqh@pbs.org
955,alyddiardqi,MsIUM0k,bwhitlockqi@exblog.jp
956,ereynoldsonqj,zm4wHs,asainteauqj@cisco.com
957,amurrishqk,qnszurd,mcoupeqk@a8.net
958,ifremantleql,9AZHlPqhEd2,dkmietschql@bigcartel.com
959,dscourgeqm,QK0oNUC7,gcaddieqm@telegraph.co.uk
960,kedardsqn,4iBHI6nZPXm,pdovinsonqn@devhub.com
961,ariddlesdenqo,8rM7Etjzc8,hhynsonqo@miibeian.gov.cn
962,jeasterbrookqp,8XDtor,nelldredqp@theguardian.com
963,gpridieqq,yhwUemYs90,pbadwickqq@biblegateway.com
964,jdoumerqueqr,Ox6n0AlDePLQ,esollimeqr@wordpress.com
965,hiornsqs,tYcaECPtKnS,ebrettonerqs@arstechnica.com
966,dgrumbleqt,0JZm3o9,kpeeqt@themeforest.net
967,cplayfairqu,G6CwSQieQle,tibbitsonqu@google.ru
968,vapplebeeqv,zJ17FdK,mwhileqv@google.com.au
969,dhartellqw,aLS5K5Y,bpobjayqw@dion.ne.jp
970,ezealqx,8EihUgdCx5,nwhitehurstqx@dell.com
971,tpauwelqy,t4Kllx2k9Lyt,cdruryqy@gov.uk
972,lhorburghqz,ceqRlhmiHH,aeasbieqz@oracle.com
973,lpasher0,zEOkYpDc,dattawayr0@freewebs.com
974,cgifkinsr1,ku3b5nHvdOH,cmainer1@earthlink.net
975,blauritzenr2,4TK4Zz,ndobier2@yellowpages.com
976,oscrivenerr3,Z6NXrV0E,zcollingworthr3@nature.com
977,msyderr4,m2rKOQoGUjWl,wtootingr4@yellowpages.com
978,fbouldingr5,ngLe5yLj,mtillotr5@who.int
979,odugaldr6,uQ6cbgrDaZ,rteasdalemarkier6@blog.com
980,sottiwillr7,rG2nrvyzLr,acapseyr7@mlb.com
981,ktythertonr8,ISy9G3,nbrownseyr8@cam.ac.uk
982,kfultonr9,71wxw0,avinar9@cdc.gov
983,afolcarellira,3zyyc8nd6,smcquillanra@oracle.com
984,pkilrowrb,2c9LKeTvHVd,heversonrb@sina.com.cn
985,cchominskirc,3SYcdywWh,mkayerc@livejournal.com
986,sgodmerrd,yey1ZBdmpv,kgarteryrd@dailymotion.com
987,lferschkere,geAJVHxXJj,marrowsmithre@sina.com.cn
988,wangricrf,7vxqnUPxHLT,liwanowiczrf@theguardian.com
989,fmacgowanrg,mS5AAgSLXT,ldowdeswellrg@artisteer.com
990,gghelerdinirh,Fot9nmKzaIs,ahowickrh@sciencedaily.com
991,cedgehillri,lXdwPal3xpR,vgomersalri@nsw.gov.au
992,jdillestonrj,D4LmHMC9,afilkovrj@exblog.jp
993,jvliesrk,iRCQTzsshJ,cnerhenyrk@sina.com.cn
994,mcranmerrl,IZq4lkP5r,mwaddicorrl@fastcompany.com
995,dwhatfordrm,X4pV2VlH,jcapaldorm@tuttocitta.it
996,wdimeorn,MebR1Q03oM,agussiern@cnn.com
997,agilgrystro,MtntuY5ebLT,djewarro@xing.com
998,jcuxonrp,fmk5kAHSh,gbleadenrp@facebook.com
999,greijmersrq,N0uoTtI2DV,jpotesrq@ow.ly
1000,jduffusrr,916wYKP,rtevlinrr@multiply.com
